,wikidata_id,wikiart_id
0,Q860930,pablo-picasso/portrait-of-gertrude-stein-1906
1,Q28537189,henri-matisse/portrait-of-andre-derain-1905
2,Q124289912,giovanni-bellini/four-allegories-falsehood-wisdom
3,Q195776,salvador-dali/the-lugubrious-game-1929-oil-collage-on-cardboard-1929
4,Q28798159,rosalba-carriera/a-venetian-lady-from-the-house-of-barbarigo-caterina-sagredo-barbarigo-1735
5,Q3778533,henri-rousseau/war-or-the-ride-of-discord-1894
6,Q29017592,artemisia-gentileschi/david-and-bathsheba-1637
7,Q73190680,georges-de-la-tour/st-philippe
8,Q136001420,jules-bastien-lepage/jeune-garcon-a-la-plage-1880
9,Q115618660,henri-matisse/ivy-in-flower-1941
10,Q126287621,carl-spitzweg/girl-with-goat-1861
11,Q61893530,jean-honore-fragonard/the-small-park-1763
12,Q107254887,ilya-mashkov/natyurmort-s-tsvetami-1912
13,Q121267513,henri-matisse/young-girl-in-a-persian-dress-1942
14,Q1293985,gustave-courbet/young-ladies-on-the-banks-of-the-seine-summer-1857
15,Q3937586,amedeo-modigliani/portrait-of-jeanne-hebuterne-1918-3
16,Q335051,salvador-dali/the-invisible-man-1933
17,Q113669703,henri-rousseau/exotic-landscape-1910
18,Q18927476,robert-delaunay/the-city-of-paris
19,Q18437008,salvador-dali/melting-watch
20,Q3312011,paul-cezanne/large-bathers-1900
21,Q19925203,william-adolphe-bouguereau/head-of-a-young-girl-1898
22,Q107630974,lyonel-feininger/the-dome-in-halle-1930
23,Q94996515,gustave-moreau/oedipus-the-wayfarer
24,Q128640066,gerhard-richter/townscape-pl-1970-1
25,Q2105253,carolus-duran/lady-with-a-glove-1869
26,Q19920959,joan-miro/dutch-interior
27,Q17631819,henri-matisse/odalisque-in-red-pants-1925
28,Q60595491,juan-gris/still-life-on-a-chair-1917
29,Q64491321,henry-ossawa-tanner/the-pilgrims-of-emmaus-1905
30,Q24089231,vasily-vereshchagin/uzbek-woman-in-tashkent-1873
31,Q18744757,paul-signac/grand-canal-venise-1905
32,Q119346104,pauline-boty/colour-her-gone-1962
33,Q3221144,salvador-dali/the-path-of-enigma
34,Q46955783,amedeo-modigliani/max-jacob
35,Q73119033,henri-rousseau/cliffs
36,Q23946,domenico-ghirlandaio/the-visitation-1491
37,Q1154410,giorgio-de-chirico/the-song-of-love-1914
38,Q61686623,henri-matisse/odalisque-in-red-culottes-1921
39,Q130396727,john-french-sloan/monument-in-the-plaza-new-york-1949
40,Q125184254,carlo-carra/the-drunken-gentleman-1916
41,Q67959121,henri-matisse/laurette-in-a-white-turban
42,Q60423339,georges-braque/viaduct-at-l-estaque-1908
43,Q3796269,marc-chagall/the-fiddler-1913
44,Q3793584,amedeo-modigliani/the-little-peasant-1918
45,Q8030721,henri-matisse/woman-in-a-purple-coat-1937
46,Q72273730,carolus-duran/portrait-of-madame-ernest-faydeau-known-as-la-dame-au-chien-1870
47,Q3937760,amedeo-modigliani/madame-georges-van-muyden-1917
48,Q124627592,alexej-von-jawlensky/young-girl-with-peonies-1909
49,Q104424977,henri-matisse/odalisque-with-a-turkish-chair-1928
50,Q20188943,amedeo-modigliani/seated-nude-1909
51,Q115159131,otto-mueller/gypsy-horse-at-black-water-1928
52,Q4768963,henri-matisse/annelies-white-tulips-and-anemones-1944
53,Q57933100,franz-xaver-winterhalter/elizabeth-empress-of-austria-1865
54,Q117435189,amedeo-modigliani/beatrice-hastings-1914
55,Q61678241,henri-matisse/the-pink-studio-1911
56,Q2592400,franz-marc/blue-horse-i-1911
57,Q17627562,jean-leon-gerome/the-bacchante
58,Q115943056,suzanne-valadon/the-two-bathers-1923
59,Q20881553,henri-matisse/tea-in-the-garden-1919
60,Q3937477,amedeo-modigliani/portrait-of-frank-haviland-burty-1914
61,Q30076421,emil-nolde/dance-around-the-golden-calf-1910
62,Q118895167,georges-de-la-tour/the-dice-players-1651
63,Q9077269,joan-miro/ciphers-and-constellations-in-love-with-a-woman
64,Q74049562,john-singer-sargent/mrs-abbott-lawrence-rotch-1903
65,Q112676095,henri-matisse/joaquina
66,Q3835870,marc-chagall/mirror-1915
67,Q123753616,titian/adoration-of-the-shepherds-1533
68,Q20087546,gustave-courbet/the-beach-at-palavas-1854
69,Q17491975,rosa-bonheur/haymaking-in-the-auvergne-1858
70,Q125163459,carlo-carra/la-musa-metafisica-1917
71,Q6119716,hendrick-terbrugghen/st-sebastian-tended-by-irene-and-her-maid-1625
72,Q11918714,raphael/portrait-of-pope-julius-ii
73,Q326503,gustave-courbet/the-sleepers-1866
74,Q131787161,tarsila-do-amaral/composition-lonely-figure-1930
75,Q15974328,paolo-uccello/the-annunciation
76,Q124259637,gilles-aillaud/la-bataille-du-riz-1968
77,Q19882802,joan-miro/the-tilled-field-1924
78,Q23010133,artemisia-gentileschi/self-portrait-as-a-lute-player-1617
79,Q30075687,georges-braque/woman-with-a-mandolin-1910
80,Q28130699,henri-rousseau/woman-walking-in-an-exotic-forest-1905
81,Q113669665,henri-rousseau/apes-in-the-orange-grove
82,Q3955877,pablo-picasso/the-serenade-1942
83,Q61386805,othon-friesz/the-port-of-anvers-1906
84,Q64506466,lyonel-feininger/gelmeroda-viii-1921
85,Q18917022,paul-delaroche/girl-in-a-basin
86,Q114065766,frantisek-kupka/money-1899
87,Q3210253,georges-de-la-tour/mary-magdalene-with-a-night-light-1635
88,Q64766792,titian/cardinal-alessandro-farnese-1546
89,Q14127232,rosa-bonheur/plowing-in-the-nivernais-1849
90,Q3110229,paul-signac/golfe-juan
91,Q50332779,otto-dix/mother-with-child-1921
92,Q131619687,max-ernst/cocktail-drinker-1945
93,Q3213326,henri-matisse/the-king-s-sadness-1952
94,Q18688328,paul-gauguin/what-s-new-1892
95,Q40800173,jean-baptiste-greuze/linconsolable
96,Q2459887,titian/the-tribute-money-1516
97,Q3937476,amedeo-modigliani/portrait-of-blaise-cendrars-1917
98,Q27978033,vincenzo-camuccini/portrait-of-pope-pius-vii-barnaba-chiaramonti-1815
99,Q3222561,max-beckmann/departure-1935
100,Q4188993,edward-burne-jones/the-beguiling-of-merlin-merlin-and-vivien-1874
101,Q61884489,pablo-picasso/bottle-of-black-rum-vive-la-france-1913
102,Q20816337,marcel-duchamp/bride-1912
103,Q20816629,henri-matisse/odalisques-1928
104,Q26713913,gustav-klimt/portrait-of-hermine-gallia-1904
105,Q61520711,joan-miro/painting-head-1927
106,Q19005731,anne-vallayer-coster/still-life-with-tuft-of-marine-plants-shells-and-corals-1769
107,Q123706329,amedeo-modigliani/portrait-of-pinchus-kremenge-1916
108,Q196001,salvador-dali/the-enigma-of-my-desire-or-my-mother-my-mother-my-mother-1929
109,Q60472224,henri-matisse/the-windshield-1917-0
110,Q18748402,bartolomeo-passerotti/portrait-of-pope-pius-v-1566
111,Q17493601,emile-bernard/breton-women-with-parasols-1892
112,Q180632,titian/portrait-of-pope-paul-iii-cardinal-alessandro-farnese-and-duke-ottavio-farnese-1546
113,Q47498725,jacob-jordaens/bagpiper-1644
114,Q18915957,francisco-goya/woman-with-a-fan
115,Q19912798,henri-rousseau/landscape-on-the-banks-of-the-bievre-at-becetre-1909
116,Q60324672,henri-matisse/french-window-at-collioure
117,Q119175651,henri-matisse/teacher-at-the-yellow-table-1944
118,Q114053439,max-beckmann/odysseus-and-calypso-1943
119,Q43281370,frida-kahlo/frieda-and-diego-rivera-1931
120,Q3701418,artemisia-gentileschi/danae-1612
121,Q3698207,marc-chagall/white-crucifixion-1938
122,Q89373106,henri-matisse/the-venetian-1922
123,Q78686187,henri-matisse/dancer-in-repose-1940
124,Q115557906,karel-skreta/portrait-of-ignac-jetrich-vitanovsky-of-vlckovice-1669
125,Q1943810,marc-chagall/homage-to-apollinaire-1912
126,Q29021053,artemisia-gentileschi/judith-and-her-maidservant-with-the-head-of-holofernes-tapestry-1650
127,Q117348200,philip-de-laszlo/portrait-of-ignaz-wechselmann-1894
128,Q62568869,marc-chagall/flayed-ox-1947
129,Q29855485,pierre-narcisse-guerin/not-detected-278720
130,Q21427473,balthus/katia-reading-1974
131,Q117832154,philip-de-laszlo/crown-princess-cecilie-of-prussia-1906
132,Q16670777,giorgio-de-chirico/portrait-of-guillaume-apollinaire-1914
133,Q3399446,henri-rousseau/portrait-of-pierre-loti
134,Q2568873,hugo-van-der-goes/diptych-of-the-fall-of-man-and-the-redemption-lamentation-of-christ
135,Q117217878,henri-matisse/portrait-de-george-besson-1918
136,Q9169712,hans-memling/bathsheba-in-the-bath-1480
137,Q30072602,rene-magritte/the-interpretation-of-dreams-1927
138,Q131449480,tarsila-do-amaral/the-moon-1928
139,Q10720090,salvador-dali/the-enigma-of-william-tell
140,Q75401507,august-macke/turkish-cafe-ii
141,Q61910937,max-ernst/the-entire-city-1935
142,Q3546916,salvador-dali/raphaelesque-head-exploding
143,Q52159818,nicholas-roerich/messenger-clan-revolted-against-to-clan-1897
144,Q7232252,sebastiano-del-piombo/portrait-of-andrea-doria-1526
145,Q3661648,amedeo-modigliani/cypress-trees-and-house-1919
146,Q74421653,henri-matisse/seated-woman-back-turned-to-the-open-window-1922
147,Q3877556,amedeo-modigliani/sleeping-nude-with-arms-open-red-nude-1917-1
148,Q4247398,kuzma-petrov-vodkin/bathing-the-red-horse-1912
149,Q111659725,lavinia-fontana/bianca-degli-utili-maselli-holding-a-dog-and-surrounded-by-six-of-her-children
150,Q97689823,paul-gauguin/the-fisherwomen-of-tahiti-1891
151,Q26164546,berthe-morisot/eugene-manet-on-the-isle-of-wight
152,Q3630728,amedeo-modigliani/self-portrait-1919
153,Q3784247,titian/the-beauty-1536
154,Q61561474,joan-miro/blue-ii
155,Q3952722,piero-di-cosimo/the-discovery-of-honey-by-bacchus-1505
156,Q17493115,maurice-denis/paradise
157,Q19925230,william-adolphe-bouguereau/priestess-1902
158,Q17491852,paul-serusier/the-flowered-barrier-1889
159,Q2509326,salvador-dali/slave-market-with-the-disappearing-bust-of-voltaire-1940
160,Q3139782,caspar-david-friedrich/man-and-woman
161,Q1016012,edgar-degas/comte-le-pic-and-his-sons
162,Q7712224,pablo-picasso/the-piano-accordionist-1911
163,Q19984441,paul-gauguin/nativity-1896
164,Q60519864,georges-braque/cafe-bar-1919
165,Q85225074,berthe-morisot/young-woman-watering-a-shrub
166,Q64787786,ernst-ludwig-kirchner/female-nude-with-black-hat-1
167,Q134884820,sonia-delaunay/electric-prisms-1
168,Q3745698,henri-matisse/open-window-collioure-1905
169,Q123671285,titian/the-resurrection-1544
170,Q18709506,wassily-kandinsky/grungasse-in-murnau-1909
171,Q117214047,frantisek-kupka/the-gallien-girl-1910
172,Q54901812,august-macke/catedral-of-freiburg-in-the-switzerland
173,Q132717026,paul-serusier/louise-the-breton-servant-1890
174,Q61653017,andre-derain/westminster-1905
175,Q19883656,roger-de-la-fresnaye/la-conquete-de-lair-1913
176,Q2790648,salvador-dali/dali-nude-in-contemplation-before-the-five-regular-bodies
177,Q7190121,henri-matisse/the-piano-lesson-1916
178,Q3685122,albrecht-durer/lamentation-of-christ
179,Q26713812,francesco-hayez/back-view-of-a-bather-1859
180,Q20174743,piero-di-cosimo/allegory-1500
181,Q884782,caspar-david-friedrich/wc-cross-in-the-mountains-tetschen-altar-1808-1808-new-masters-gallery-dresden-height0-115-cm
182,Q3622785,pablo-picasso/barselona-harlequin-1917
183,Q50933647,piero-di-cosimo/crucifixion-of-christ
184,Q117942627,francis-gruber/l-hommage-callot-1942
185,Q9019086,salvador-dali/salvador-dali-in-the-act-of-painting-gala-in-the-apotheosis-of-the-dollar
186,Q119033975,thomas-lawrence/george-iv-1820
187,Q19912313,henri-rousseau/the-repast-of-the-lion-1907
188,Q3828038,jackson-pollock/number-1-lavender-mist-1950-1
189,Q29019486,artemisia-gentileschi/the-saints-proculus-and-nicaea
190,Q80112683,berthe-morisot/in-a-park
191,Q125216549,rene-magritte/wreackage-of-the-shadow-1926
192,Q72554025,jacob-jordaens/five-studies-of-cows-1624
193,Q7755915,henri-matisse/the-painter-and-his-model-1917
194,Q20807929,sir-lawrence-alma-tadema/a-reading-from-homer-1885
195,Q27064318,jacob-jordaens/christ-driving-the-merchants-from-the-temple
196,Q3929311,amedeo-modigliani/young-girl-in-beret-1918
197,Q3937493,amedeo-modigliani/portrait-of-celso-lagar-1915
198,Q481454,edouard-manet/the-conservatory-1879
199,Q107291429,georges-de-la-tour/st-john-the-baptist-in-the-desert-1651
200,Q131564536,giuseppe-de-nittis/lunch-at-posillipo-1879
201,Q17353205,gustave-courbet/the-source-bather-at-the-source-1868
202,Q123338551,emile-bernard/breton-women-in-the-meadow-1888
203,Q18709540,wassily-kandinsky/murnau-with-rainbow-1909
204,Q19921297,lyonel-feininger/gelmeroda-1936
205,Q121278208,henri-matisse/odalisque-couchee-aux-magnolias-1923
206,Q3793357,jacob-van-ruisdael/bentheim-castle-1653
207,Q137434072,otto-dix/trench-warfare
208,Q1545495,caspar-david-friedrich/wc-bateaux-dans-le-port-de-greifswald-before-1810-1810-alte-nationalgalerie-90-70-cm-35-4-27-6
209,Q19883993,joan-miro/dutch-interior-i
210,Q118591970,luke-fildes/self-portrait-sir-samuel-luke-fildes-ra-1843-1927-1911
211,Q5793788,paul-gauguin/barbarous-tales-1902
212,Q64788159,ferdinand-hodler/portrait-of-helene-weigle
213,Q20275971,georges-braque/harbor-in-normandy-1909
214,Q58443545,arkhip-kuindzhi/moonlight-night-on-the-dnieper-1880
215,Q1437492,henri-matisse/woman-with-hat-1905
216,Q118230941,lovis-corinth/large-still-life-with-figure-1911
217,Q3967207,luca-giordano/marriage-of-the-virgin-1688
218,Q27002465,georges-braque/castle-at-la-roche-guyon-1909
219,Q27974912,henri-matisse/painters-family-1911
220,Q30076429,ernst-ludwig-kirchner/dance-school
221,Q60812545,andre-derain/banks-of-seine
222,Q28026445,thomas-gainsborough/portrait-of-queen-charlotte-1781
223,Q117353133,joshua-reynolds/the-infant-samuel
224,Q131631316,otto-dix/nelly-with-toy
225,Q3114729,joan-miro/standing-nude-1
226,Q6508100,henri-matisse/the-yellow-curtain
227,Q19925896,salvador-dali/couple-with-their-heads-full-of-clouds
228,Q57514732,henri-rousseau/portrait-of-a-woman-1895
229,Q30068038,gabriel-von-max/monkeys-as-judges-of-art-1889
230,Q26713336,nicolas-poussin/eucharist
231,Q27700075,nicolas-tournier/the-denial-of-st-peter-1625
232,Q28798129,piero-della-francesca/portrait-of-battista-sforza-1465
233,Q1999166,henri-matisse/music-1910
234,Q104521892,otto-dix/the-seven-deadly-sins-1933
235,Q19882531,marcel-duchamp/sad-young-man-in-a-train-1911
236,Q194137,caspar-david-friedrich/the-sea-of-ice-1824
237,Q3794185,marc-chagall/the-juggler-1943
238,Q15934368,simon-vouet/allegory-of-wealth-1635
239,Q28047676,thomas-gainsborough/self-portrait
240,Q28798167,rosalba-carriera/the-singer-faustina-bordoni-with-a-musical-score-1724
241,Q8024357,henri-matisse/landscape-viewed-from-a-window-1913
242,Q3399478,otto-dix/portrait-of-the-journalist-sylvia-von-harden-1926
243,Q24930037,lucas-cranach-the-elder/portrait-of-a-saxon-noblewoman-1534
244,Q1446552,salvador-dali/apparition-of-face-and-fruit-dish-on-a-beach
245,Q663481,rene-magritte/gonconda-1953
246,Q6455607,henri-matisse/asia-1946
247,Q3964348,marc-chagall/solitude-1933
248,Q28533097,henri-matisse/notre-dame-1900
249,Q3937459,pablo-picasso/portrait-of-ambroise-vollard-1910
250,Q10296499,titian/crowning-with-thorns
251,Q3612415,artemisia-gentileschi/allegoria-dell-inclinazione-1615
252,Q40047099,hans-baldung/portrait-of-ambroise-volmar-keller-1538
253,Q6455615,henri-matisse/red-studio-1911
254,Q19947392,simon-vouet/crucifixion-1637
255,Q20179293,hendrick-terbrugghen/bacchante-with-an-ape
256,Q61896321,pierre-bonnard/signac-et-ses-amis-en-bateau
257,Q12418,leonardo-da-vinci/mona-lisa
258,Q19928601,salvador-dali/impression-of-africa-1938
259,Q61387822,georges-braque/the-estaque-1906
260,Q16928483,francisco-goya/portrait-of-the-countess-of-carpio-marquesa-de-la-solana-1793
261,Q18691373,edelfelt-albert/burnt-village
262,Q610803,salvador-dali/the-bread-basket
263,Q19883434,paul-signac/portrait-of-felix-feneon-1890
264,Q3948947,artemisia-gentileschi/saint-cecilia-as-a-lute-player-1620
265,Q118435736,rosa-bonheur/king-of-the-forest
266,Q5826311,paul-signac/the-harbour-at-marseilles-1906
267,Q122680321,amedeo-modigliani/seated-woman-with-child-motherhood-1919
268,Q11081286,joan-miro/the-table-still-life-with-rabbit
269,Q31195260,rene-magritte/the-lovers-1928-1
270,Q20190029,henri-rousseau/rendez-vous-in-the-forest-1886
271,Q27979259,kees-van-dongen/lucie-and-her-partner-1911
272,Q3964106,marc-chagall/midsummer-night-s-dream-1939
273,Q119294471,henri-matisse/sunlit-interior-1942
274,Q3888838,georges-seurat/landscape-at-grandcamp-1885
275,Q121863253,henri-matisse/woman-with-blue-bodice-1935
276,Q51582175,gustave-courbet/the-german-huntsman-1859
277,Q29656614,jacob-jordaens/the-king-drinks-1640
278,Q64576717,henri-matisse/the-window-1916
279,Q47344441,albert-marquet/the-beach-at-f-camp-1906
280,Q48651005,gustave-courbet/self-portrait-with-a-black-dog-1841
281,Q15690957,jules-bastien-lepage/going-to-school-1882
282,Q60649457,jacob-jordaens/a-picker-and-his-dogs
283,Q77322720,alfred-sisley/the-seine-at-grenelle-rainy-wether-1878
284,Q116772186,justus-van-gent/pio-ii-pont-max-1476
285,Q20186732,jean-francois-millet/leconte-de-lisle-1840-1
286,Q3209358,salvador-dali/the-railway-station-at-perpignan
287,Q115074345,allegory-of-california-1931
288,Q1997425,joan-miro/north-south
289,Q3904404,giovanni-bellini/pieta
290,Q21081454,lucas-cranach-the-elder/venus-standing-in-a-landscape-1529
291,Q125996422,andre-derain/the-dance-1906
292,Q24939405,giovanni-bellini/st-jerome-reading-in-the-countryside-1485
293,Q60668363,henri-rousseau/the-representatives-of-foreign-powers-coming-to-salute-the-republic-as-a-sign-of-peace-1907
294,Q22043247,henri-matisse/odalisque-in-grey-culottes-1927
295,Q119046156,john-simpson/the-duke-of-wellington
296,Q14942039,berthe-morisot/summer-s-day-1879
297,Q5781032,el-greco/concert-of-angels
298,Q111044006,max-beckmann/quappi-in-blue-in-a-boat-1950
299,Q118592255,luke-fildes/portrait-of-a-young-woman-1900
300,Q12120127,salvador-dali/soft-self-portrait-with-fried-bacon
301,Q131824310,tarsila-do-amaral/second-class
302,Q3558043,piero-di-cosimo/perseus-rescuing-andromeda-1510
303,Q29016638,artemisia-gentileschi/minerva-1640
304,Q75418422,carl-spitzweg/childhood-friends
305,Q111798879,ernst-ludwig-kirchner/russian-woman
306,Q117793373,tamara-de-lempicka/saint-moritz-1929
307,Q3828801,marc-chagall/the-wedding-candles
308,Q19018520,robert-delaunay/window-eiffel-tower
309,Q29023889,artemisia-gentileschi/salome-with-the-head-of-saint-john-the-baptist-1615
310,Q11898003,halonen-pekka/tomater
311,Q16696928,jules-bastien-lepage/hay-making-1877
312,Q3769169,artemisia-gentileschi/judith-beheading-holofernes-1620
313,Q26258071,gustav-klimt/portrait-of-margaret-stonborough-wittgenstein
314,Q24908231,henri-matisse/the-bay-of-tangier-1912
315,Q16038654,salvador-dali/honey-is-sweeter-than-blood-1
316,Q11873274,akseli-gallen-kallela/kullervos-curse-1899
317,Q61677928,henri-matisse/madame-yvonne-landsberg-1914
318,Q46148221,franz-marc/the-monkey-1912
319,Q60606856,fernand-leger/the-level-crossing-1912
320,Q62517843,marc-chagall/a-rooster-1947
321,Q122569973,lovis-corinth/perseus-and-andromeda-1900
322,Q2663568,salvador-dali/the-face-of-war-1941
323,Q127433409,titian/last-supper
324,Q60814332,andre-derain/self-portrait-with-a-cap
325,Q30077191,max-ernst/lust-for-life-1936
326,Q123562260,max-beckmann/the-iron-footbridge-1922
327,Q19861802,robert-delaunay/hommage-a-bleriot-1914
328,Q119228926,henri-matisse/still-life-with-pomegranates-1947
329,Q33133477,francisco-goya/portrait-of-don-francisco-de-borja-tellez-giron
330,Q3821412,amedeo-modigliani/the-pretty-vegetable-vendor-1918
331,Q5944788,simon-vouet/presentation-of-christ-in-the-temple-1641
332,Q3630757,marc-chagall/self-portrait-with-seven-digits-autoportrait-1913
333,Q124249779,amedeo-modigliani/the-red-head
334,Q3751961,gustave-courbet/the-wounded-man-1845
335,Q18736799,gustave-courbet/deer-taking-shelter-in-winter-1866
336,Q62561085,marc-chagall/window-in-the-country-1915
337,Q4056411,salvador-dali/self-portrait-with-raphaelesque-neck-1922
338,Q123734648,edward-hopper/the-long-leg
339,Q10577188,jules-joseph-lefebvre/mary-magdalene-in-the-cave-1876
340,Q10327313,joan-miro/maternity
341,Q61686533,henri-matisse/laurette-with-a-coffee-cup
342,Q21716224,titian/portrait-of-pope-paul-iii-1548
343,Q119761110,anton-raphael-mengs/louis-de-visme
344,Q115453601,agnolo-bronzino/portrait-of-pope-clement-vii
345,Q131585866,rene-magritte/the-giantess-1929
346,Q29840550,pierre-paul-prud-hon/young-zephyr-balancing-above-water
347,Q49198546,edward-hopper/western-motel
348,Q3731227,antonio-del-pollaiolo/hercules-and-anteus-1460
349,Q3228069,jean-honore-fragonard/le-verrou-1778
350,Q464782,grant-wood/american-gothic-1930
351,Q126287538,carl-spitzweg/the-everlasting-bridegroom
352,Q3401216,otto-dix/pragerstrasse-1920
353,Q18916761,francois-boucher/the-chinese-garden
354,Q59510193,marie-laurencin/apollinaire-and-his-friends-1909
355,Q39013,gustave-courbet/the-woman-in-the-waves-the-bather-1868
356,Q2632688,piero-della-francesca/baptism-of-christ-1450
357,Q61409256,henri-matisse/still-life-14
358,Q123577645,philip-de-laszlo/portrait-of-lady-rachel-cavendish
359,Q540488,gustave-courbet/a-burial-at-ornans-1850-1
360,Q12899793,jacob-jordaens/the-bean-king-1
361,Q27768160,hendrick-terbrugghen/duet-1628
362,Q21711836,marc-chagall/the-rooster-1929
363,Q111798862,ernst-ludwig-kirchner/female-nudes-striding-into-the-sea
364,Q19833779,emile-bernard/self-portrait-with-portrait-of-gauguin-1888
365,Q121032875,henri-matisse/still-life-with-a-red-rug-1906
366,Q7232272,henri-matisse/greta-moll-1908
367,Q19882812,joan-miro/dutch-interior-ii
368,Q61958094,salvador-dali/self-portrait-photomontage-with-the-famous-mao-marilyn-that-philippe-halsman-created-at-dali-s
369,Q19912179,gustave-courbet/the-fishing-boat
370,Q61732440,joan-miro/not_detected_227956
371,Q26531871,thomas-gainsborough/the-artist-with-his-wife-and-daughter
372,Q1170165,max-ernst/a-friends-reunion-1922
373,Q18822396,mary-cassatt/portrait-of-girl-1879
374,Q47348358,albert-marquet/july-14th-at-havre-1906
375,Q60150578,rene-magritte/the-marches-of-summer-1939
376,Q112219882,carl-spitzweg/the-sunday-hunting
377,Q3937581,amedeo-modigliani/portrait-of-jean-cocteau-1917
378,Q30128349,dante-gabriel-rossetti/joan-of-arc-kisses-the-sword-of-liberation-1863
379,Q21711748,lyonel-feininger/lady-in-mauve-1922
380,Q119188711,richard-jack/love-tunes-the-shepherd-s-reed
381,Q60346305,amedeo-modigliani/germaine-survage-with-earrings-1918
382,Q24042354,joan-miro/not_detected_227965
383,Q60061853,georges-braque/estaque-the-harbour-1906
384,Q28548269,georges-braque/clarinet-and-bottle-of-rum-on-a-mantelpiece-1911
385,Q15974352,amedeo-modigliani/lolotte-1916
386,Q28777862,august-macke/donkey-rider
387,Q24931491,sir-lawrence-alma-tadema/a-sculpture-gallery-in-rome-at-the-time-of-agrippa-1867
388,Q123152940,anders-zorn/self-portrait
389,Q17343154,piero-di-cosimo/giuliano-da-san-gallo-1500
390,Q6508028,jean-metzinger/le-go-ter-1911
391,Q18565919,andrea-solario/the-lamentation-of-christ
392,Q61895374,paul-cezanne/still-life-with-plaster-cupid-1895
393,Q23941117,henri-matisse/studio-quay-of-saint-michel-1916
394,Q125217272,henri-matisse/interior-1940
395,Q11753188,caspar-david-friedrich/the-summer
396,Q276174,sir-lawrence-alma-tadema/the-roses-of-heliogabalus-1888
397,Q27966620,sebastiano-del-piombo/portrait-of-cardinal-reginald-pole-1540
398,Q128398511,lyonel-feininger/barfuesserkirche-i-1924
399,Q17493544,paul-signac/the-entrance-to-the-port-of-marseille
400,Q124052121,kees-van-dongen/la-gitane-la-curieuse-1911
401,Q3937468,albrecht-durer/portrait-of-barbara-1490
402,Q29016692,artemisia-gentileschi/clio-the-muse-of-history-1632
403,Q28027883,franz-xaver-winterhalter/queen-victoria-1843
404,Q126325787,carl-spitzweg/the-book-worm
405,Q27953753,amedeo-modigliani/woman-with-white-coat-1917
406,Q61951829,salvador-dali/the-paranoiac-critical-study-of-vermeer-s-lacemaker-1955
407,Q20441540,nasreddine-dinet/the-snake-charmer-1889
408,Q18602488,caspar-david-friedrich/rocky-reef-on-the-seashore-1825
409,Q20183101,henri-matisse/spanish-woman-harmony-in-blue-1923
410,Q61389351,maurice-de-vlaminck/still-life-with-knife-1910
411,Q3513416,salvador-dali/sun-table
412,Q3116084,andy-warhol/green-coca-cola-bottles
413,Q60516919,georges-braque/the-castle-in-la-roche-guyon-1909
414,Q8030744,henri-matisse/woman-on-a-high-stool-1914
415,Q20268115,henri-rousseau/the-waterfall-1910
416,Q1195035,francesco-hayez/the-kiss-1859
417,Q79790902,henri-rousseau/jungle-with-lion-1910
418,Q8535304,joan-miro/landscape-the-hare
419,Q11924520,joan-miro/dog-barking-at-the-moon
420,Q3877895,titian/do-not-touch-me-1512
421,Q61655217,salvador-dali/the-rotting-donkey
422,Q3937599,amedeo-modigliani/lunia-czechowska-1919
423,Q107562659,auguste-toulmouche/vanity-1890
424,Q19882479,marc-chagall/paris-through-the-window-1913
425,Q3937606,amedeo-modigliani/portrait-of-leopold-zborowski-1917
426,Q120491335,henri-matisse/interior-in-yellow-1946
427,Q20185214,sebastiano-del-piombo/giulio-di-giuliano-de-medici-pope-clement-vii-1531
428,Q3456089,salvador-dali/archeological-reminiscence-millet-s-angelus
429,Q118145210,lavinia-fontana/judith-with-the-head-of-holofernes-1600
430,Q17495316,paul-serusier/portrait-of-paul-ranson-dressed-as-a-prophet-1890
431,Q60437554,georges-braque/the-black-fish-1942
432,Q61655383,salvador-dali/invisible-sleeping-woman-horse-lion
433,Q122451988,henri-matisse/collioure-1905
434,Q60698940,kazimir-malevich/man-with-horse
435,Q19935938,carl-spitzweg/the-alchemist
436,Q61480042,georges-braque/rooftops-at-ceret-1911
437,Q3944514,piero-di-cosimo/mystical-marriage-of-st-catherine-of-alexandria-1493
438,Q17435192,william-orpen/the-signing-of-peace-in-the-hall-of-mirrors-versailles-28-june-1919
439,Q3637719,marc-chagall/bella-with-white-collar-1917
440,Q949567,william-holman-hunt/the-shadow-of-death
441,Q3549784,henri-rousseau/carnival-evening-1886
442,Q18689275,rosalba-carriera/portrait-of-louis-xv-as-dauphin-1715
443,Q16038447,salvador-dali/fifty-abstract-paintings-which-as-seen-from-two-yards-change-into-three-lenins-masquerading-as
444,Q60237756,mabuse/adam-and-eve-in-paradise
445,Q120551749,henri-matisse/spanish-woman-with-a-tamborine-1909
446,Q62568400,marc-chagall/abraham-and-three-angels-1966
447,Q3139726,maurice-denis/homage-to-cezanne-1900
448,Q97924813,henri-rousseau/the-walk-in-the-forest-1890
449,Q114708955,paul-gauguin/a-breton-boy-1889-1
450,Q17319893,pieter-de-hooch/woman-and-child
451,Q119267408,henri-matisse/bouquet-of-dahlias-and-white-book-1923
452,Q125707590,georges-de-la-tour/boy-blowing-at-lamp
453,Q18573716,jacob-jordaens/king-candaules-of-lydia-showing-his-wife-to-gyges-1646
454,Q17491344,nasreddine-dinet/abdel-ghourem-and-nour-el-ain-slave-of-love-and-light-of-the-eyes-1900
455,Q20189597,henri-matisse/odalisque-harmony-in-red-1926
456,Q19361572,louise-elisabeth-vigee-le-brun/self-portrait-1790
457,Q19917658,amedeo-modigliani/reclining-nude-1917-1
458,Q121141245,henri-matisse/the-artist-and-his-model-1919
459,Q19928812,pieter-aertsen/christ-in-the-house-of-martha-and-mary-1553
460,Q116780050,suzanne-valadon/portrait-of-marie-coca-and-her-daughter-1913
461,Q20198403,georges-de-la-tour/old-man-1619
462,Q3842565,titian/the-virgin-and-child-with-four-saints
463,Q3337119,caravaggio/not-identified-1
464,Q17493756,gustave-courbet/the-peasants-of-flagey-returning-from-the-fair-1855
465,Q3613745,amedeo-modigliani/the-amazon-1909
466,Q72271618,carolus-duran/sleeping-man-1861
467,Q16653443,juan-gris/the-mountain-le-canigou-1921
468,Q60606666,fernand-leger/staircase-19-1914
469,Q124547415,gustave-courbet/the-ornans-paper-mill
470,Q131599303,max-pechstein/girl-on-a-green-sofa-with-a-cat-1910
471,Q3716021,amedeo-modigliani/two-girls-1918
472,Q60302881,henri-matisse/large-red-interior-1948
473,Q80113878,georges-de-la-tour/smoker-1646
474,Q9191534,tintoretto/christ-at-the-sea-of-galilee
475,Q61959004,salvador-dali/gala-contemplating-the-mediterranean-sea-which-at-twenty-meters-becomes-the-portrait-of-abraham
476,Q42877939,carlo-carra/swimmers
477,Q16038598,gustave-courbet/the-oak-of-flagey-the-oak-of-vercingetorix-1864
478,Q3937605,amedeo-modigliani/portrait-of-leon-bakst-1917
479,Q3641124,vassily-kandinsky/bleu-de-ciel-1940
480,Q3978272,artemisia-gentileschi/susanna-and-the-elders
481,Q20192088,amedeo-modigliani/cafe-singer-1917
482,Q131448667,tarsila-do-amaral/carnaval-em-madureira-1924
483,Q131758818,tarsila-do-amaral/postcard-1928
484,Q60432642,georges-braque/pedestal-table-1911
485,Q124632162,jean-leon-gerome/saint-vincent-of-paule
486,Q75392863,paul-klee/destroyed-place-1920
487,Q122852809,francesco-hayez/ruth-1835
488,Q50318886,arshile-gorky/enigmatic-combat-1937
489,Q60596830,juan-gris/pears-and-grapes-on-a-table-1913
490,Q2805778,geertgen-tot-sint-jans/man-of-sorrows-1480
491,Q3998106,pablo-picasso/three-women-1908
492,Q19953571,john-william-godward/mischief-and-repose-1895
493,Q111939895,otto-dix/match-seller-1920
494,Q104411621,georges-de-la-tour/girl-with-a-brazier-1648
495,Q3206497,salvador-dali/battle-of-t√©touan
496,Q18357854,paul-gauguin/woman-with-a-mango-1892
497,Q4009550,piero-di-cosimo/venus-mars-and-cupid-1505
498,Q19883612,marcel-duchamp/transition-of-virgin-into-a-bride-1912
499,Q3937583,amedeo-modigliani/portrait-of-jeanne-hebuterne-1918-1
500,Q60614824,pablo-picasso/man-with-pipe-1914
501,Q118675843,piero-di-cosimo/magdalena-reading-1500
502,Q128404976,otto-dix/uneven-couple
503,Q97930897,henri-rousseau/view-of-the-bridge-at-sevres-and-the-hills-at-clamart-st-cloud-and-bellevue-1908
504,Q3933555,marc-chagall/resurrection-1952
505,Q3824357,amedeo-modigliani/bride-and-groom-the-couple
506,Q115652264,alexandre-cabanel/albayd
507,Q115216378,max-ernst/after-us-motherhood-1927
508,Q3211044,joan-miro/the-birth-of-the-world
509,Q23922,titian/vanitas-1515
510,Q61693055,henri-matisse/the-dream-1935
511,Q61957981,salvador-dali/self-portrait-with-l-humanitie
512,Q20198401,georges-de-la-tour/old-woman-1619
513,Q2358487,franz-marc/tiger-1912
514,Q61410137,georges-braque/the-billiard-table-1944
515,Q137658837,philip-guston/studio
516,Q20354398,honore-daumier/don-quixote-and-sancho-pansa-having-a-rest-under-a-tree-1855
517,Q29950815,henri-matisse/still-life-with-aubergines-1911
518,Q60608045,salvador-dali/partial-hallucination-six-apparitions-of-lenin-on-a-piano-1931
519,Q6507587,henri-matisse/seated-riffian-1913
520,Q40432,rosa-bonheur/the-horse-fair-1855-1
521,Q1885116,joan-miro/may-1968-1973
522,Q3503317,jean-leon-gerome/the-duel-after-the-masquerade
523,Q111644782,tintoretto/portrait-of-a-genoese-nobleman
524,Q6727098,eugene-delacroix/seated-nude-mademoiselle-rose-1824
525,Q1198657,jacob-jordaens/prometheus-bound
526,Q3227509,paul-serusier/the-talisman-1888
527,Q17490824,emile-bernard/bathers-with-red-cow-1887
528,Q126325703,carl-spitzweg/the-knitting-outpost
529,Q3889223,antonio-del-pollaiolo/ss-vincent-of-saragossa-james-and-saint-eustace-altarpiece-of-the-cardinal-of-portugal-1468
530,Q100308317,otto-dix/the-dancer-anita-berber
531,Q30079772,wassily-kandinsky/improvisation-dreamy-1913
532,Q61692773,henri-matisse/the-red-table-1939
533,Q3807734,amedeo-modigliani/portrait-of-jeanne-hebuterne-with-her-left-arm-behind-her-head-1919
534,Q20191494,henri-rousseau/tropical-forest-with-apes-and-snake-1910
535,Q20355763,henri-matisse/the-green-blouse-1936
536,Q58699741,max-beckmann/the-argonauts-1950
537,Q19681559,bernardo-bellotto/rio-dei-mendicanti-and-the-scuola-di-san-marco-1738
538,Q9189985,jules-joseph-lefebvre/chlo-1875
539,Q3272393,roy-lichtenstein/m-maybe-1965
540,Q28027675,franz-xaver-winterhalter/queen-victoria-1859
541,Q72379091,jacques-louis-david/apelles-painting-campaspe-in-the-presence-of-alexander-the-great
542,Q62514150,marc-chagall/abraham-is-going-to-sacrifice-his-son-1931
543,Q111488391,carl-spitzweg/sunday-stroll-1841
544,Q30078854,max-beckmann/portrait-of-quappi-in-blue-1926
545,Q29644867,georges-de-la-tour/st-thomas-also-called-saint-with-a-pike-1630
546,Q2856163,salvador-dali/portrait-of-paul-eluard
547,Q19883753,henri-matisse/still-life-after-jan-davidsz-de-heem-s-la-desserte-1915
548,Q3929385,amedeo-modigliani/seated-boy-with-cap-1918
549,Q28130697,henri-rousseau/nude-and-bear-1901
550,Q60683811,rene-magritte/the-secret-player-1927
551,Q3821554,amedeo-modigliani/the-servant-1916
552,Q64212284,ernst-ludwig-kirchner/english-dance-couple-1913
553,Q19273424,louise-elisabeth-vigee-le-brun/madame-vigee-lebrun-and-her-daughter-jeanne-lucie-louise-1789
554,Q603703,titian/venus-and-adonis-1554
555,Q28130703,henri-rousseau/rabbit-1908
556,Q24089249,vasiliy-vereshchagin/kalmytskiy-lama-1870
557,Q130339127,henri-matisse/dancer-and-rocaille-armchair-on-a-black-background-1942
558,Q60539318,natalia-goncharova/electric-lamp
559,Q21711958,joan-miro/catalan-peasant-with-a-guitar
560,Q2388965,albrecht-durer/self-portrait-1498
561,Q60148673,marc-chagall/double-portrait-with-a-glass-of-wine-1918
562,Q5967091,gustav-klimt/the-virgin-1913
563,Q69495936,lavinia-fontana/portrait-of-antonietta-gonzalez-1595
564,Q125395859,jean-leon-gerome/drunken-bacchus-and-cupid
565,Q130206451,louise-abbema/louise-abbema-sarah-bernhardt-hunting-with-hounds-1897
566,Q134416253,amedeo-modigliani/seated-nude
567,Q121742166,max-beckmann/self-portrait-with-trumpet-1938
568,Q60149039,max-ernst/ubu-imperator-1923
569,Q52086999,franz-marc/little-yellow-horses-1912
570,Q17491929,suzanne-valadon/the-sewer-1914
571,Q118946126,henri-matisse/odalisque-au-coffret-rouge-1927
572,Q3937753,pablo-picasso/portrait-of-young-girl-1914
573,Q4663455,tarsila-do-amaral/abaporu-1928
574,Q117534684,ferdinand-hodler/thun-stockhornkette-1910
575,Q126120095,johann-friedrich-overbeck/the-banishment-of-hagar
576,Q61561509,joan-miro/blue-iii
577,Q20899941,gustave-courbet/portrait-of-charles-baudelaire-1849
578,Q20552858,sir-lawrence-alma-tadema/phidias-showing-the-frieze-of-the-parthenon-to-his-friends-1868
579,Q19905205,louise-elisabeth-vigee-le-brun/portrait-of-madame-grand-1783
580,Q22675417,camille-pissarro/pont-neuf-fog-1902
581,Q17319633,pieter-aertsen/the-egg-dance-1552
582,Q28552989,joan-miro/a-star-caresses-the-breasts-of-a-negro-woman
583,Q21244925,henri-matisse/dance-ii-1910
584,Q20026805,dante-gabriel-rossetti/joan-of-arc-1882
585,Q124359782,kay-sage/small-portrait-1950
586,Q3765980,paul-gauguin/a-day-of-no-gods-1894
587,Q3955557,wassily-kandinsky/untitled-1941-1
588,Q119673167,pompeo-batoni/george-oakley-aldrich-1750
589,Q19863030,rembrandt/the-toilet-of-bathsheba-1643
590,Q61943952,salvador-dali/honey-is-sweeter-than-blood
591,Q3937635,amedeo-modigliani/portrait-of-moise-kisling-1915
592,Q19883522,georges-braque/road-near-estaque-1908
593,Q3709265,piero-di-cosimo/the-misfortunes-of-silenus-1505
594,Q18564687,georges-de-la-tour/repenting-magdalene-also-called-magdalene-in-a-flickering-light
595,Q21724654,henri-matisse/arabian-coffee-house-1913
596,Q120143775,andre-derain/effect-of-sun-on-the-water-london-1906
597,Q1212920,piero-della-francesca/the-flagellation-of-christ-1450-1
598,Q123209081,franz-xaver-winterhalter/portrait-of-infanta-luisa-fernanda-of-spain-duchess-of-montpesier
599,Q123237531,franz-xaver-winterhalter/queen-victoria-1842-1
600,Q131448666,tarsila-do-amaral/floresta
601,Q121141095,henri-matisse/the-painting-lesson-1919
602,Q2990626,joan-miro/composition
603,Q16038408,jacob-jordaens/the-banquet-of-cleopatra-1653
604,Q61944165,salvador-dali/the-old-age-of-william-tell
605,Q113669527,henri-rousseau/the-flamingoes-1907
606,Q17491014,berthe-morisot/the-butterfly-hunt-1874
607,Q121074025,gustave-courbet/self-portrait-at-sainte-pelagie-1873
608,Q3819540,marc-chagall/the-house-with-the-green-eye-1944
609,Q60493612,pablo-picasso/the-mandolinist-1911
610,Q20268785,henri-matisse/interior-at-nice-1920
611,Q41671803,henri-matisse/luxe-1907
612,Q3937621,louise-elisabeth-vigee-le-brun/marie-antoinette-and-her-children-1787
613,Q60675160,georges-braque/viaduct-at-estaque-1908
614,Q14940548,berthe-morisot/on-a-bench
615,Q3823264,jean-francois-millet/death-and-the-woodcutter
616,Q20183919,alfred-sisley/road-from-versailles-to-saint-germain-1875
617,Q73295242,berthe-morisot/the-cage
618,Q67403856,amedeo-modigliani/pink-blouse-1919
619,Q21776713,camille-pissarro/la-sente-du-chou-near-pontoise-1878
620,Q20192051,amedeo-modigliani/adrienne-woman-with-bangs-1917
621,Q3929320,amedeo-modigliani/girl-with-a-polka-dot-blouse-1919
622,Q138316759,halonen-pekka/kotavuoren-suuri-honka
623,Q54366255,august-macke/woman-in-front-of-a-large-illuminated-window
624,Q3929378,amedeo-modigliani/the-boy
625,Q15876329,frederic-bazille/the-improvised-field-hospital-1865
626,Q22043245,henri-matisse/draped-nude
627,Q12142547,jean-francois-millet/portrait-of-pauline-ono-1844
628,Q62572662,marc-chagall/portrait-of-vava-1966
629,Q126288534,carl-spitzweg/bathing-nymphs
630,Q3976746,albrecht-durer/suicide-of-lucretia-1518
631,Q62676187,henri-rousseau/the-toll-house-1890
632,Q81333613,henri-matisse/woman-in-white-1946
633,Q29997042,lavinia-fontana/newborn-baby-in-a-crib-1583
634,Q113258483,brian-clarke/site-plan-1978
635,Q115688137,philip-de-laszlo/empress-elisabeth-of-austria-1898
636,Q5966403,berthe-morisot/the-cradle-1872
637,Q50333004,ernst-ludwig-kirchner/street-scene-in-front-of-a-barbershop
638,Q88587971,charles-andre-van-loo-carle-van-loo/the-sultans-concert-1747
639,Q30074348,agony-1912
640,Q60606533,fernand-leger/houses-in-the-trees-landscape-n-3-1914
641,Q3842248,amedeo-modigliani/madame-pompadour-1914-1
642,Q16372213,william-adolphe-bouguereau/the-oreads-1902
643,Q19931300,lavinia-fontana/self-portrait-at-the-clavichord-with-a-servant-1577
644,Q79422627,josef-capek/the-african-king
645,Q29222763,paul-signac/au-temps-dharmonie-l-age-d-or-n-est-pas-dans-le-passe-il-est-dans-l-avenir-1895
646,Q114036433,hans-holbein-lancien/presentation-of-jesus-christ-at-the-temple-1501
647,Q64570765,rosa-bonheur/deer-in-repose-1867
648,Q121333814,henri-matisse/young-spanish
649,Q11740522,georges-de-la-tour/woman-catching-a-flea
650,Q13308970,august-macke/girl-in-the-greenery
651,Q20816630,henri-matisse/woman-in-blue-or-the-large-blue-robe-and-mimosas-1937
652,Q20354554,henri-matisse/le-luxe-ii-1907
653,Q3069475,joan-miro/man-and-woman-in-front-of-a-pile-of-excrement
654,Q64788576,carl-spitzweg/rose-scent-memory-1850
655,Q133159781,henri-matisse/la-deserte-after-jan-davidsz-de-heem-1893
656,Q3879279,marc-chagall/nude-over-vitebsk-1933
657,Q2457026,piero-di-cosimo/a-satyr-mourning-over-a-nymph-1495
658,Q79161130,paul-serusier/celtic-tale-1894
659,Q92831723,henri-matisse/gray-nude-with-bracelet-1913
660,Q10467459,gustave-courbet/woman-with-white-stockings-1861
661,Q21723044,henri-matisse/lady-on-a-terrace-1907
662,Q23010014,marietta-robusti/self-portrait-1580
663,Q118876355,annibale-carracci/butcher-s-shop
664,Q17492870,giovanni-boldini/count-robert-de-montesquiou-1897-1
665,Q131450012,tarsila-do-amaral/o-vendedor-de-frutas
666,Q548141,henri-rousseau/the-dream-1910
667,Q47451057,albert-marquet/nude-on-a-divan-1912
668,Q172354,salvador-dali/dream-caused-by-the-flight-of-a-bee-around-a-pomegranate-one-second-before-awakening
669,Q7741023,henri-rousseau/the-hungry-lion-throws-itself-on-the-antelope-1905
670,Q4006165,vittore-carpaccio/portrait-of-an-unknown-man-with-red-beret-1493
671,Q114065870,gino-severini/the-haunting-dancer-1911
672,Q60150109,joan-miro/siesta
673,Q19882454,georges-braque/piano-and-mandolin
674,Q2538580,henri-matisse/the-joy-of-life-1906
675,Q4681871,gustav-klimt/portrait-of-adele-bloch-bauer-ii-1912
676,Q3831743,henri-rousseau/liberty-inviting-artists-to-take-part-in-the-22nd-exhibition-of-the-society-of-independent-1906
677,Q19887229,yves-tanguy/multiplicatiion-of-the-arcs-1954
678,Q57242883,henri-matisse/fatma-ii-1912
679,Q2843410,peter-paul-rubens/the-landing-at-marseilles-3rd-november-1600-1625
680,Q2136474,salvador-dali/hallucinogenic-toreador-1970
681,Q60614512,kazimir-malevich/the-running-man-1933
682,Q113660988,henri-rousseau/jaguar-attacking-a-horse-1910
683,Q3476580,ernst-ludwig-kirchner/berlin-street-scene-1914
684,Q131760480,vittore-carpaccio/portrait-of-an-unknown-man-with-red-beret-1493
685,Q107450555,max-beckmann/adam-and-eve-1917
686,Q17491488,paul-signac/young-women-of-provence-at-the-well-1892
687,Q7728193,nicolas-poussin/the-crossing-of-the-red-sea-1637
688,Q119041140,david-wilkie/king-george-iv
689,Q123177305,anders-zorn/effect-of-night-1895
690,Q3731236,antonio-del-pollaiolo/hercules-and-the-hydra-1475
691,Q119208436,christopher-wood/boy-with-cat-portrait-of-fr-jean-bougoint-1926
692,Q20267618,henri-matisse/the-red-onions-1906
693,Q21077323,le-nain-brothers/the-happy-family-1642
694,Q769461,amedeo-modigliani/woman-with-a-fan-lunia-czechowska-1919
695,Q121160351,henri-matisse/interior-flowers-and-parakeets-1924
696,Q3828984,marc-chagall/cemetery-gates-1917
697,Q61941685,salvador-dali/neo-cubist-academy-composition-with-three-figures
698,Q3937746,titian/portrait-of-jacopo-sannazaro-1518
699,Q62570472,marc-chagall/the-soul-of-the-city-1945
700,Q60609282,henri-matisse/girl-with-a-black-cat
701,Q52130293,oswald-birley/huttleston-rogers-broughton-1896-1966-1st-lord-fairhaven-in-the-ceremonial-uniform-of-the-1st-life
702,Q119155426,william-logsdail/edward-logsdail-as-a-christs-hospital-scholar-1904
703,Q3937782,antonio-del-pollaiolo/portrait-of-a-woman-1475
704,Q121277239,henri-matisse/sun-street-1905
705,Q52086902,franz-marc/wild-pigs-boar-and-sow-1913
706,Q18938577,roger-de-la-fresnaye/jeanne-darc-1912
707,Q20816658,joan-miro/horse-pipe-and-red-flower
708,Q60669759,jean-michel-basquiat/slave-auction-1982
709,Q71828616,franz-xaver-winterhalter/portrait-of-queen-isabella-ii-of-spain-and-her-daughter-isabella
710,Q64798495,otto-mueller/adam-und-eva-1921
711,Q121268801,maurice-denis/the-ladder-in-the-foliage-1892
712,Q763485,salvador-dali/young-virgin-auto-sodomized-by-the-horns-of-her-own-chastity
713,Q3794239,amedeo-modigliani/the-young-apprentice
714,Q62569562,marc-chagall/noah-s-ark-1966
715,Q3713917,amedeo-modigliani/woman-with-velvet-ribbon-the-black-border-1915
716,Q18719530,louise-elisabeth-vigee-le-brun/marie-antoinette
717,Q118414878,paula-rego/the-policeman-s-daughter-1987
718,Q62109099,lavinia-fontana/portrait-of-a-noblewoman-1580
719,Q3879278,amedeo-modigliani/seated-nude-1918
720,Q2977843,edouard-manet/monet-in-his-floating-studio-1874
721,Q59511250,henri-rousseau/the-muse-inspiring-the-poet-1909-1
722,Q104439388,toyen/paravent-1966
723,Q1167178,gustave-courbet/the-artist-s-studio-1855
724,Q1451490,caspar-david-friedrich/woman-at-a-window-1822
725,Q20190498,amedeo-modigliani/reclining-nude-with-arms-folded-under-her-head-1916
726,Q1675032,johann-friedrich-overbeck/italia-and-germania-1828
727,Q1853880,henri-matisse/blue-nude-iv-1952
728,Q134172805,henri-matisse/portrait-of-margurite-sleeping
729,Q61677062,henri-matisse/self-portrait-1900
730,Q114615391,henri-matisse/the-gulf-of-saint-tropez-1904
731,Q29016865,artemisia-gentileschi/lucretia-1620
732,Q19327619,judith-leyster/a-game-of-cards
733,Q2790658,salvador-dali/portrait-of-my-dead-brother-1963
734,Q17495467,maurice-de-vlaminck/restaurant-de-la-machine-at-bougival
735,Q21849358,henri-rousseau/the-storm-tossed-vessel
736,Q6529190,albert-gleizes/the-swimmers-1912
737,Q17583499,joseph-marie-vien/lamour-fuyant-lesclavage-1789
738,Q3745385,amedeo-modigliani/redhead-girl-1915
739,Q19883911,henri-matisse/odalisque-with-a-tambourine-1925
740,Q30082839,gerhard-richter/townscape-px-1968
741,Q61740236,egon-schiele/pregnant-woman-and-death-1911
742,Q119359270,henri-matisse/the-blue-gandoura-1951
743,Q1445581,salvador-dali/tuna-fishing-1967
744,Q20189948,pablo-picasso/still-life-with-bottle-of-rum-1911
745,Q20087527,umberto-boccioni/three-women
746,Q25749,salvador-dali/christ-of-st-john-of-the-cross-1951
747,Q17125310,jacob-jordaens/mercury-and-argos-1620
748,Q61910686,rene-magritte/the-art-of-conversation-1950-3
749,Q17451030,gustave-courbet/juliette-courbet-1844
750,Q115618659,henri-matisse/interior-with-phonograph
751,Q5981363,simon-vouet/lot-and-his-daughters-1633
752,Q62057658,rene-magritte/the-presence-of-spirit-1960
753,Q1132723,vincent-van-gogh/prisoners-exercising-prisoners-round-1890
754,Q62578047,marc-chagall/the-blue-fiddler-1947
755,Q3937656,amedeo-modigliani/portrait-of-raymond-1915
756,Q3625842,agnolo-bronzino/portrait-of-cosimo-i-de-medici-1545-1
757,Q3203447,gustave-courbet/the-hallali-1869
758,Q49173052,john-singleton-copley/portrait-of-mrs-benjamin-pickman-mary-toppan
759,Q9183696,paul-cezanne/the-blue-vase
760,Q115618663,henri-matisse/plum-blossoms-green-background-1948
761,Q131829841,tarsila-do-amaral/feira
762,Q2921123,amedeo-modigliani/seated-nude-1917-2
763,Q3399375,paul-cezanne/portrait-of-ambroise-vollard-1899
764,Q112861779,paul-serusier/the-incantation-the-holy-wood-1891
765,Q107436164,lovis-corinth/donna-gravida-1909
766,Q16038564,wassily-kandinsky/improvisation-xiv-1910
767,Q62516756,marc-chagall/the-street-performers-in-the-night-1957
768,Q109041506,henri-matisse/kathy-with-a-yellow-dress-1951
769,Q30072920,rene-magritte/the-acrobat-s-exercises-1928
770,Q56146184,charles-hermans/l-aube-1875
771,Q106473205,thomas-lawrence/george-iv-detail-1822
772,Q111937095,jean-honore-fragonard/the-cradle-1765
773,Q94178404,edouard-manet/portrait-of-faure-as-hamlet
774,Q20189382,henri-matisse/dance-1912
775,Q114745623,franz-xaver-winterhalter/portrait-of-queen-sophie-of-netherlands-born-sophie-of-w-rttemberg-1863
776,Q60826278,henri-matisse/un-beau-matin-dete-1905
777,Q3221194,joan-miro/the-circus-house
778,Q61743320,david-teniers-the-younger/the-temptation-of-st-anthony-1
779,Q19911992,marie-guillemine-benoist/madame-jeanne-desbassayns-de-richemont-and-her-son-eug-ne
780,Q61731691,joan-miro/nude-with-mirror
781,Q3822640,caspar-david-friedrich/largeness
782,Q131448662,tarsila-do-amaral/a-cuca-1924
783,Q48977211,paul-gauguin/bonjour-monsieur-gauguin-1889
784,Q28229479,piero-di-cosimo/maria-magdalena-1510
785,Q3210251,georges-de-la-tour/repenting-magdalene-also-called-magdalene-and-two-flames-1643
786,Q117217906,simon-vouet/angels-bearing-the-instruments-of-the-passion-1625
787,Q20262847,henri-matisse/apples-1916
788,Q131567058,fernand-leger/the-outing-in-the-country-1954-1
789,Q21748979,marie-laurencin/portrait-of-mademoiselle-chanel-1923
790,Q92831799,henri-matisse/female-toilets-1907
791,Q91018235,jules-bastien-lepage/la-communiante-1875
792,Q122841162,henri-matisse/odalisque-1926-1
793,Q17652079,antoine-jean-gros/sappho-at-leucate-1801
794,Q42079755,max-ernst/temptation-of-st-anthony-1945
795,Q11770765,francisco-goya/still-life-plucked-turkey-and-pan-with-fish-1812
796,Q126287900,carl-spitzweg/the-cactus-lover
797,Q107112145,gustave-courbet/snow-landscape-in-jura-1866
798,Q59751427,henri-rousseau/the-girl-with-a-doll-1905
799,Q60230932,max-ernst/the-garden-of-france-1962
800,Q61978427,paul-delvaux/ruined-palace-1935
801,Q96231718,lubo-kristek/the-heavenly-highway-of-aunt-franzi-1975
802,Q27076050,ernst-ludwig-kirchner/four-bathers
803,Q4009574,titian/venus-and-adonis-1559
804,Q28798160,rosalba-carriera/africa
805,Q60109721,pablo-picasso/guitar-player-1910
806,Q120174897,pablo-picasso/portrait-of-corina-romeu-1902
807,Q20190283,georges-braque/still-life-with-a-pair-of-banderillas-1911
808,Q104526090,max-ernst/forest-1927
809,Q28051354,philip-de-laszlo/john-loader-maffey-1st-baron-rugby-1923
810,Q114615388,fernand-leger/adam-and-eve-1939
811,Q6728519,henri-matisse/the-red-madras-headdress-1907
812,Q60300695,henri-rousseau/the-chair-factory-at-alfortville
813,Q17492049,paul-serusier/the-wrestling-bretons-1893
814,Q61965116,rene-magritte/when-the-hour-strikes-1965
815,Q16038683,pierre-soulages/peinture-260-x-202-cm-19-juin-1963-1963
816,Q23940202,henri-rousseau/notre-dame-view-of-the-ile-saint-louis-from-the-quai-henri-iv-1909
817,Q21635261,kuzma-petrov-vodkin/self-portrait-1927-1
818,Q83507928,paul-gauguin/portrait-of-a-little-boy-1888
819,Q59314264,retrato-del-rey-don-alfonso-xiii-con-el-uniforme-de-husares-1907
820,Q1198247,carl-spitzweg/the-intercepted-love-letter
821,Q121141791,henri-matisse/small-romanian-blouse-with-foliage-1937
822,Q61634582,august-macke/girl-with-a-fish-bowl
823,Q118988414,john-riley/james-duke-of-york-later-king-james-ii
824,Q24930946,gustave-courbet/portrait-of-paul-chenavard
825,Q111211764,edward-hopper/summertime
826,Q28538125,henri-matisse/standing-model
827,Q3879280,amedeo-modigliani/seated-female-nude-1916
828,Q46268886,franz-marc/the-little-blue-horses-1911
829,Q18578022,gustave-courbet/pierre-joseph-proudhon-and-his-children-in-1853-1865
830,Q3873321,pablo-picasso/still-life-with-bottle-of-anis-del-mono-1909
831,Q24020409,vincent-van-gogh/peasants-planting-potatoes-1884
832,Q16934583,thomas-cole/view-of-florence-from-san-miniato-1837
833,Q19912372,louise-elisabeth-vigee-le-brun/countess-of-ch-tre-1789
834,Q27955494,joan-miro/head-of-a-catalan-peasant-2
835,Q29018074,artemisia-gentileschi/annunciation
836,Q960447,henri-rousseau/tiger-in-a-tropical-storm-surprised-1891
837,Q115766041,guido-reni/portrait-of-pope-gregory-xv-1622
838,Q97924926,henri-rousseau/exotic-landscape-1908
839,Q28668143,amedeo-modigliani/beatrice-hastings-1915-1
840,Q26221224,vincent-van-gogh/undergrowth-with-two-figures-1890
841,Q131823133,tarsila-do-amaral/an-angler-1925
842,Q19008328,pierre-narcisse-guerin/portrait-of-a-young-girl-1812
843,Q2247406,artemisia-gentileschi/judith-beheading-holofernes-1612
844,Q28549286,andre-derain/portrait-of-matisse-1905
845,Q21713192,pablo-picasso/clarinetist
846,Q111417422,august-macke/turkish-cafe-i
847,Q3817985,amedeo-modigliani/the-jewish-woman-1908
848,Q8242264,frans-hals/a-banquet-of-the-officers-of-the-st-george-militia-company-1616
849,Q21849357,henri-rousseau/the-wedding-party
850,Q4252531,titian/portrait-of-pietro-bembo
851,Q1781689,joan-miro/still-life-with-old-shoe
852,Q21121932,sebastiano-del-piombo/pope-paul-iii-with-a-nephew-1534
853,Q115557660,karel-skreta/st-charles-of-bohemia-visits-the-plague-patients-1647
854,Q50327190,henri-matisse/the-girl-with-green-eyes-1908
855,Q3937509,amedeo-modigliani/portrait-of-elena-pavlowski-1917
856,Q61388021,georges-braque/seated-woman-1907
857,Q3373688,joan-miro/catalan-landscape-the-hunter-1924
858,Q16937070,henri-matisse/view-of-collioure-1
859,Q125717655,giuseppe-de-nittis/the-orange-kimono-1884
860,Q3929310,amedeo-modigliani/young-girl-in-a-striped-shirt-1917
861,Q3630730,pablo-picasso/self-portrait-1907
862,Q3054146,salvador-dali/geopolitical-child-watching-the-birth-of-the-new-man-1943
863,Q20263630,henri-matisse/woman-in-yellow-and-blue-with-a-guitar-1939
864,Q20441259,albert-bierstadt/lower-yosemite-valley
865,Q7920648,titian/venus-in-front-of-the-mirror-1554
866,Q882584,henri-matisse/the-blue-nude-souvenir-of-biskra-1907
867,Q15934814,simon-vouet/hesselin-madonna-1645
868,Q18889932,edvard-munch/galloping-horse-1912
869,Q2067212,giotto/lamentation-the-mourning-of-christ-1306-1
870,Q28027671,franz-xaver-winterhalter/albert-prince-consort
871,Q28002816,anton-romako/portrait-of-empress-elisabeth-1883
872,Q3937494,amedeo-modigliani/chaim-soutine-1916
873,Q27973475,georges-braque/the-candlestick-1911
874,Q20816743,pablo-picasso/jug-and-fruit-dish-1908
875,Q30079025,franz-marc/fighting-forms-1914
876,Q611945,salvador-dali/the-swallow-s-tail
877,Q51578930,anne-louis-girodet/chateaubriand-meditating-on-the-ruins-of-rome-1808
878,Q129176776,august-macke/parkway
879,Q107597258,georges-de-la-tour/st-jude-thaddeus-1650
880,Q2607649,salvador-dali/face-of-mae-west-which-may-be-used-as-an-apartment
881,Q57050495,emile-friant/the-small-boat-1895
882,Q62568222,marc-chagall/the-wandering-jew-1925
883,Q50327295,georgia-o-keeffe/black-place-i
884,Q115327275,giovanni-battista-gaulli/pope-clement-ix-1669
885,Q17652075,bernardino-luini/holy-family-with-saint-anne-and-the-infant-john-the-baptist
886,Q111797891,lyonel-feininger/church-of-the-minorities-ii
887,Q20668651,pieter-aertsen/butcher-s-stall-with-the-flight-into-egypt-1551
888,Q30073499,ernst-ludwig-kirchner/self-portrait-as-an-invalid
889,Q120545883,henri-matisse/entrance-to-the-kasbah-1912
890,Q8074312,henri-matisse/zorah-on-the-terrace-1912
891,Q3879257,henri-matisse/pink-nude-1935
892,Q73190657,paul-gauguin/the-loss-of-virginity-awakening-of-spring-1891
893,Q167536,salvador-dali/the-great-masturbator-1929
894,Q115657605,agnolo-bronzino/portrait-of-the-grand-duke-cosimo-i-de-medici
895,Q335403,salvador-dali/the-discovery-of-america-by-christopher-columbus-1959
896,Q29855481,pierre-narcisse-guerin/aeneas-tells-dido-the-misfortunes-of-the-trojan-city
897,Q16938777,suzanne-valadon/the-blue-room-1923
898,Q60336460,pablo-picasso/william-uhde-1910
899,Q20184501,rembrandt/an-old-man-in-military-costume-formerly-called-portrait-of-rembrandt-s-father-1630
900,Q20193299,henri-matisse/woman-seated-in-an-armchair-1940
901,Q18177343,camille-corot/portrait-of-octavie-sennegon-1833
902,Q1192436,joan-miro/the-farm-1922
903,Q18564226,paolo-uccello/the-intervention-of-micheletto-cotignola-1438
904,Q3825010,wassily-kandinsky/colorful-life-1907
905,Q7063305,henri-matisse/notre-dame-sunrise-1902
906,Q121139948,henri-matisse/tulips-and-oysters-on-a-black-background-1943
907,Q19753101,jacob-jordaens/as-the-old-sang-so-the-young-pipe-1640
908,Q29016877,artemisia-gentileschi/lucretia-1642
909,Q117213678,toyen/three-dancers-1925
910,Q113640872,rene-magritte/the-glass-key-1959
911,Q15974339,titian/mary-magdalen-repentant-1531
912,Q3686076,titian/the-concert
913,Q4869004,henri-matisse/bathers-with-a-turtle-1908
914,Q11938897,eugene-delacroix/a-jewish-wedding-in-morocco-1841
915,Q16651190,jules-bastien-lepage/joan-of-arc
916,Q20193255,henri-matisse/still-life-with-sleeper-1940
917,Q115902269,henri-matisse/the-striped-dress-1938
918,Q3605548,luca-giordano/adoration-of-the-shepherds-1688
919,Q114079487,frantisek-kupka/ballad-of-epona-1900
920,Q60452957,henri-matisse/still-life-with-a-magnolia-1941
921,Q131631692,ferdinand-hodler/spring-1901
922,Q19918600,maurice-de-vlaminck/portrait-of-derain-1905
923,Q111645911,carl-spitzweg/in-the-alpine-high-valley
924,Q16987384,henri-matisse/the-young-sailor-ii-1906
925,Q120985002,giovanni-battista-gaulli/gian-lorenzo-bernini-1665
926,Q115216460,max-ernst/landscape-with-wheatgerm-1936
927,Q118591437,luke-fildes/portrait-of-queen-alexandra-when-princess-of-wales-with-facey-1893
928,Q2324840,william-blake/the-ancient-of-days-1794
929,Q7422486,titian/portrait-of-cardinal-cristoforo-madruzzo-1552
930,Q28016949,thomas-lawrence/george-canning-1810-1
931,Q3210250,georges-de-la-tour/repenting-magdalene-also-called-magdalene-before-mirror-or-magadalene-fabius
932,Q115309387,rene-magritte/swift-hope-1928
933,Q19901889,tamara-de-lempicka/portrait-in-the-green-bugatti-1925
934,Q3057881,joan-miro/fleur-femme-etoile-escargot
935,Q47528815,felix-vallotton/the-kiss-1898
936,Q30521,salvador-dali/the-sacrament-of-the-last-supper-1955
937,Q61972007,amedeo-modigliani/max-jacob-1916
938,Q3235872,lucas-cranach-the-elder/the-three-graces-1531
939,Q3930871,marc-chagall/king-david-1951
940,Q4062416,amedeo-modigliani/alice-1915
941,Q185372,johannes-vermeer/the-girl-with-a-pearl-earring
942,Q1400994,salvador-dali/shirley-temple
943,Q3937646,amedeo-modigliani/portrait-of-paul-guillaume-1916
944,Q19820268,pierre-puvis-de-chavannes/mary-magdalene-in-the-desert
945,Q60143797,luigi-russolo/dynamism-of-a-car-1913
946,Q19885082,barnett-newman/onement-i-1948
947,Q311243,caspar-david-friedrich/the-wanderer-above-the-sea-of-fog
948,Q125029354,jean-leon-gerome/the-virgin-the-infant-jesus-and-st-john
949,Q18938478,juan-gris/violon-et-verre-1913
950,Q4808368,gustave-courbet/sleeping-nude-woman-1862
951,Q3605519,artemisia-gentileschi/adoration-of-the-kings
952,Q3399514,jacques-louis-david/portrait-of-pope-pius-vii-1805
953,Q3937633,amedeo-modigliani/monsieur-lepoutre-1916
954,Q3937783,amedeo-modigliani/jeanne-hebuterne-1919
955,Q1193312,georges-de-la-tour/the-cheat-with-the-ace-of-diamonds
956,Q62568894,marc-chagall/hour-between-wolf-and-dog-betwenn-darkness-and-light-1943
957,Q129537215,sir-lawrence-alma-tadema/after-the-audience-1879
958,Q674682,joan-miro/portrait-of-v-nubiola
959,Q20100865,joan-miro/house-with-palm-tree
960,Q19882986,henri-rousseau/the-football-players-1908
961,Q133508,salvador-dali/leda-atomica-1949
962,Q3879285,amedeo-modigliani/large-seated-nude
963,Q21725211,diego-rivera/still-life-1913
964,Q17627500,georges-de-la-tour/the-denial-of-st-peter-1650
965,Q3733008,marc-chagall/exodus-1966
966,Q17491648,giovanni-boldini/henri-rochefort
967,Q3268045,henri-matisse/luxury-serenity-and-pleasure-1904
968,Q115660118,berthe-morisot/portrait-of-a-young-lady
969,Q60683835,rene-magritte/the-titanic-days-1928
970,Q61458284,georges-braque/head-of-a-woman-1909
971,Q3769173,artemisia-gentileschi/judith-and-her-maidservant-with-the-head-of-holofernes-1624
972,Q3202079,sandro-botticelli/annunciation-1481
973,Q2902188,henri-matisse/portrait-of-madame-matisse-green-stripe-1905
974,Q62567848,marc-chagall/war-1966
975,Q18938468,henri-rousseau/the-poultry-yard-1898
976,Q130634406,lorenzo-lotto/portrait-of-a-woman
977,Q20487624,amedeo-modigliani/portrait-of-diego-rivera-1916
978,Q6106755,francisco-goya/portrait-of-ferdinand-guillemardet-1798
979,Q131611892,henri-matisse/la-perruche-et-la-sirene-1952
980,Q104525662,lyonel-feininger/torturm-ii-1925
981,Q3733425,artemisia-gentileschi/esther-before-ahasuerus-1635
982,Q3222254,salvador-dali/geological-evolution-1933
983,Q114347643,henri-matisse/still-life-with-flowers
984,Q3807735,amedeo-modigliani/portrait-of-jeanne-hebuterne-in-a-large-hat
985,Q18686003,henri-rousseau/in-the-fields-1910
986,Q62108564,lavinia-fontana/pope-gregory-xiii
987,Q18565917,andrea-solario/the-virgin-of-the-green-cushion-1510
988,Q105038391,jean-michel-basquiat/dos-cabezas
989,Q2439462,rogier-van-der-weyden/portrait-of-a-lady-1460
990,Q105469029,philip-de-laszlo/the-son-of-the-artist-1917
991,Q19917545,joan-miro/photo-this-is-the-color-of-my-dreams
992,Q115430770,giovanni-battista-gaulli/pope-clement-x
993,Q19820261,gustave-courbet/village-street-in-winter
994,Q4891521,gustave-courbet/the-source
995,Q123137373,franz-xaver-winterhalter/leopold-i-1840
996,Q118876795,luke-fildes/rosa-siega-1876
997,Q2561558,gustave-courbet/the-wheat-sifters-1855-1
998,Q18710663,piet-mondrian/new-york-city-i-1942
999,Q116234289,philip-de-laszlo/self-portrait-1911
1000,Q21655444,edward-hopper/gas
1001,Q16691214,lucas-cranach-the-elder/the-crucifixion-1503-1
1002,Q3937766,amedeo-modigliani/a-young-girl-1916
1003,Q22337837,henri-matisse/boudoir-1921
1004,Q18565915,andrea-solario/the-crucifixion-1503
1005,Q112864887,paul-serusier/tityrus-meliboea-and-the-departure-of-gauguin-1892
1006,Q81759308,henri-rousseau/the-tiger-hunt-1896
1007,Q124310892,lavinia-fontana/the-adoration-of-the-magi-1560
1008,Q17014184,albert-gleizes/portrait-de-jacques-nayral-1911
1009,Q17353990,gustave-courbet/la-bacchante
1010,Q60678946,pablo-picasso/artist-and-his-model-1926
1011,Q5966034,francisco-de-zurbaran/the-house-of-nazareth-1640
1012,Q128404767,otto-dix/salon-1927
1013,Q60614709,jean-arp/dance
1014,Q61577446,joan-miro/hope-of-a-condemned-man-iii-1974
1015,Q3203218,henri-matisse/the-snail-1953
1016,Q3937506,amedeo-modigliani/portrait-of-diego-rivera-1914-1
1017,Q131448664,tarsila-do-amaral/a-negra-1923
1018,Q7757535,the-plum-blossoms-1948
1019,Q116984085,franz-xaver-winterhalter/franz-joseph-i-emperor-of-austria-wearing-the-dress-uniform-of-an-austrian-field-marshal-with-1865
1020,Q3541051,akseli-gallen-kallela/lemmink-inen-s-mother-1897
1021,Q107112135,gustave-courbet/head-of-gazelle
1022,Q61894068,honore-daumier/we-want-barabbas-ecce-homo-1852
1023,Q1061035,rene-magritte/the-treachery-of-images-this-is-not-a-pipe-1948
1024,Q16682769,jules-bastien-lepage/october-1878
1025,Q105958258,carl-spitzweg/mountain-hike-trip-to-duke-stand
1026,Q137457,salvador-dali/galatea-of-the-spheres
1027,Q7728258,hendrick-terbrugghen/the-crucifixion-with-the-virgin-and-st-john
1028,Q118852954,amedeo-modigliani/jeanne-hebuterne-1918
1029,Q1197913,caspar-david-friedrich/the-watzmann-1825
1030,Q17189258,jean-auguste-dominique-ingres/portrait-of-countess-d-haussonville
1031,Q28031147,franz-xaver-winterhalter/alexandra-princess-of-wales
1032,Q3207251,henri-rousseau/the-snake-charmer-1907
1033,Q3842006,wassily-kandinsky/red-spot-ii-1921
1034,Q106606282,jacob-jordaens/adoration-of-the-shepherds-1617-1
1035,Q19883752,henri-matisse/the-moraccans-1916
1036,Q18749041,lavinia-fontana/portrait-of-gerolamo-mercuriale-1589
1037,Q167209,salvador-dali/not_detected_221209
1038,Q3766160,amedeo-modigliani/young-woman
1039,Q114615393,henri-matisse/red-interior-still-life-on-a-blue-table-1947
1040,Q63844,salvador-dali/soft-construction-with-boiled-beans-premonition-of-civil-war
1041,Q66486402,henri-matisse/portrait-at-blue-coa-1935
1042,Q124643909,roy-lichtenstein/live-ammo-ha-ha-ha-1962
1043,Q61581549,joan-miro/woman-in-front-of-the-sun-i
1044,Q3873331,vincent-van-gogh/still-life-with-drawing-board-pipe-onions-and-sealing-wax-1889
1045,Q5826453,jacob-jordaens/king-drinks-1640
1046,Q131912441,berthe-morisot/the-wet-nurse-angele-feeding-julie-manet
1047,Q51756720,emile-friant/young-girl-from-nancy-in-a-snowy-landscape-1887
1048,Q6163991,el-greco/view-and-plan-of-toledo
1049,Q14940737,georges-de-la-tour/the-beggars-brawl-1620
1050,Q60575803,marc-chagall/the-appearance-of-the-artist-s-family-1947
1051,Q17493749,maurice-denis/the-muses-1893
1052,Q117217879,henri-matisse/sculpture-and-vase-of-ivy-1916
1053,Q94845,salvador-dali/the-temptation-of-st-anthony
1054,Q536024,edouard-manet/nana-1877
1055,Q114532149,henri-rousseau/the-happy-quartet-1902
1056,Q20275937,henri-matisse/the-daisies-1939
1057,Q15855872,otto-mueller/zwei-weibliche-akte
1058,Q18719626,joan-miro/the-farmer-s-wife-1923
1059,Q114605694,john-constable/rainstorm-over-the-sea-1828
1060,Q24042351,joan-miro/women-sonando-evasion
1061,Q61685574,henri-matisse/auguste-pellerin-ii-1916
1062,Q16978190,jacob-jordaens/the-four-evangelists
1063,Q20276076,henri-matisse/bathers-by-a-river-1916
1064,Q27973998,rene-magritte/black-flag-1937
1065,Q21849419,henri-rousseau/the-chair-factory-at-alfortville-1
1066,Q28780356,egon-schiele/setting-sun-1913
1067,Q26921370,jean-baptiste-simeon-chardin/the-prayer-before-meal
1068,Q3094469,salvador-dali/galacidalacidesoxyribonucleicacid
1069,Q3985176,andrea-solario/head-of-st-john-the-baptist
1070,Q61686122,henri-matisse/the-violinist-at-the-window-1918
1071,Q77975882,bernhard-strigel/portrait-of-count-johann-ii-count-of-montfort-and-rothenfels
1072,Q115075019,the-making-of-a-fresco-showing-the-building-of-a-city-1931
1073,Q14855249,henri-gervex/rolla-1878
1074,Q28130698,henri-rousseau/scout-attacked-by-a-tiger-1904
1075,Q14940736,georges-de-la-tour/the-hurdy-gurdy-player-also-called-hurdy-gurdy-player-with-hat
1076,Q18938367,robert-delaunay/the-joy-of-life
1077,Q3204084,piero-di-cosimo/the-immaculate-conception-with-saints-1510
1078,Q13234294,fernand-khnopff/i-lock-my-door-upon-myself-1891
1079,Q28128494,amedeo-modigliani/the-pretty-housewife-1915
1080,Q113588958,vittorio-matteo-corcos/portrait-of-rebeca-matte-1929
1081,Q61693266,henri-matisse/music-1939
1082,Q7920573,titian/venus-blindfolding-cupid
1083,Q11853630,halonen-pekka/washing-on-the-ice-1900
1084,Q17152781,hendrick-terbrugghen/the-denial-of-saint-peter
1085,Q14852381,paul-signac/rotterdam-harbour-1907
1086,Q23926209,henri-matisse/young-woman-in-white-red-background-1946
1087,Q18705575,wassily-kandinsky/reciprocal-accords-1942
1088,Q73824058,jules-bastien-lepage/the-wood-gatherer
1089,Q17494727,maurice-denis/green-trees-or-the-beeches-of-kerduel
1090,Q107529468,claude-monet/bordighera-italy
1091,Q1213696,max-ernst/the-virgin-spanking-the-christ-child-before-three-witnesses-andre-breton-paul-eluard-and-the-1926
1092,Q18564202,paolo-uccello/victory-over-bernardino-della-ciarda-1438
1093,Q119041407,john-simpson/arthur-wellesley-1835
1094,Q116296234,pieter-aertsen/cook-in-front-of-the-stove-1559
1095,Q1362126,albert-gleizes/football-players-1912
1096,Q3212434,salvador-dali/meditative-rose
1097,Q114065993,paul-signac/l-hirondelle-steamer-on-the-seine-1901
1098,Q7727514,henri-matisse/conversation-1912
1099,Q124377802,fernand-leger/three-musicians-1930
1100,Q12901580,gustave-courbet/after-dinner-at-ornans-1849
1101,Q5849316,nicolas-poussin/esther-before-ahasuerus
1102,Q18564234,paolo-uccello/the-battle-of-san-romano-1440
1103,Q61821982,pablo-picasso/bust-of-young-woman-from-avignon-1907
1104,Q121841261,egon-schiele/stein-on-the-danube-seen-from-the-south-1913
1105,Q121434609,henri-de-toulouse-lautrec/woman-putting-on-her-stocking
1106,Q119319141,henri-matisse/marguerite-1907
1107,Q123205209,salvador-dali/puzzle-of-autumn
1108,Q18685954,gustav-klimt/beech-grove-i
1109,Q5901183,judith-leyster/the-proposition-1631
1110,Q3697654,giovanni-bellini/dead-christ-supported-by-two-angels
1111,Q7754055,max-beckmann/night-1918
1112,Q95582247,georges-de-la-tour/payment-of-taxes
1113,Q3937584,amedeo-modigliani/seated-jeanne-hebuterne-1918
1114,Q20816444,juan-gris/man-in-the-cafe-1912
1115,Q117213820,frantisek-kupka/autumn-sun-three-goddesses-1906
1116,Q4016290,franz-marc/blue-fox-1911
1117,Q60492101,raoul-dufy/trees-at-estaque-1908
1118,Q60550366,pablo-picasso/guitar-i-love-eva-1912
1119,Q124289865,giovanni-bellini/four-allegories-fortune-or-melancholy
1120,Q18665874,edward-hopper/lighthouse-hill
1121,Q17315193,paolo-veronese/perseus-freeing-andromeda-1578
1122,Q60459784,roger-de-la-fresnaye/seated-man-1914
1123,Q30076333,giorgio-de-chirico/self-portrait-1920
1124,Q60453730,pablo-picasso/man-with-a-guitar-1911-1
1125,Q3842242,amedeo-modigliani/portrait-of-madame-kisling
1126,Q110529821,carl-spitzweg/on-the-bastion-peace-yawning-guard
1127,Q29097175,edward-hopper/second-story-sunlight
1128,Q78740278,max-beckmann/the-habor-of-genua-1927
1129,Q114077872,pablo-picasso/kallan-1923
1130,Q17491389,paul-serusier/melancholia-or-breton-eve
1131,Q60197632,peter-doig/100-years-ago-2001
1132,Q7735465,nicolas-poussin/landscape-with-the-funeral-of-phocion-1648
1133,Q20179335,gustave-courbet/bouquet-of-flowers-1862
1134,Q73120913,henri-rousseau/the-artist-painting-his-wife-1905
1135,Q20796468,halonen-pekka/the-violinist-1900
1136,Q131830354,tarsila-do-amaral/the-christening-of-macunaima-1956
1137,Q114692652,henri-rousseau/child-with-a-puppet
1138,Q28777894,amedeo-modigliani/jeanne-hebuterne-in-a-yellow-jumper-1919
1139,Q61686934,henri-matisse/decorative-figure-on-an-ornamental-background-1925
1140,Q22337835,henri-matisse/femmes-au-canape-ou-le-divan-1921
1141,Q18811669,francisco-goya/mariana-waldstein-ninth-marquesa-de-santa-cruz
1142,Q2633689,piero-di-cosimo/portrait-of-simonetta-vespucci-as-cleopatra-1490
1143,Q62520815,marc-chagall/to-my-betrothed-1911
1144,Q3399406,joan-miro/portrait-of-a-spanish-dancer
1145,Q16582179,el-greco/the-virgin-of-the-immaculate-conception-and-st-john-1585
1146,Q4111307,salvador-dali/william-tell
1147,Q50113232,henri-de-toulouse-lautrec/clown-1886
1148,Q26234206,vincent-van-gogh/girl-in-the-woods-1882
1149,Q19884276,salvador-dali/the-angelus-of-gala
1150,Q12074390,salvador-dali/inaugural-gooseflesh
1151,Q10341184,tarsila-do-amaral/oper-rios-1933
1152,Q115434462,sebastiano-del-piombo/portrait-of-pope-clement-vii-1540
1153,Q18749374,sir-lawrence-alma-tadema/sappho-and-alcaeus-1881
1154,Q127592223,richard-lindner/telephone
1155,Q1423223,caspar-david-friedrich/moonrise-by-the-sea-1822
1156,Q61479355,georges-braque/violin-mozart-kubelick-1912
1157,Q18602467,artemisia-gentileschi/the-birth-of-saint-john-the-baptist
1158,Q2461937,salvador-dali/the-disintegration-of-the-persistence-of-memory
1159,Q3842393,correggio/madonna-campori
1160,Q115543362,josef-capek/harmonist-1913
1161,Q19900660,thomas-cole/genesee-scenery-1847
1162,Q120490208,henri-matisse/reader-on-a-black-background-1939
1163,Q60190619,barnett-newman/jericho-1969
1164,Q96039132,moss-roses-in-a-vase-1882
1165,Q3689716,artemisia-gentileschi/mary-magdalene
1166,Q113549604,piero-della-francesca/federigo-da-montefeltro-1465
1167,Q17491784,berthe-morisot/young-woman-powdering-her-face-1877
1168,Q60302370,henri-matisse/head-white-and-pink
1169,Q28128236,henri-matisse/the-dance-1933-1
1170,Q124343851,philip-de-laszlo/queen-marie-of-romania-1936
1171,Q71828470,gustave-courbet/self-portrait-the-man-with-a-pipe-1849
1172,Q3806044,amedeo-modigliani/jacques-and-berthe-lipchitz-1917
1173,Q105398451,georges-de-la-tour/st-james-the-minor
1174,Q131613358,fernand-leger/soldier-with-a-pipe-1916
1175,Q5266370,henri-matisse/wo-girls-in-a-yellow-and-red-interior-1947
1176,Q26691843,piero-di-cosimo/the-fight-between-the-lapiths-and-the-centaurs-1500
1177,Q175628,ilya-repin/haulers-on-the-volga-1873
1178,Q7447987,henri-matisse/self-portrait-in-a-striped-t-shirt-1906
1179,Q60478246,salvador-dali/the-dream
1180,Q12141560,salvador-dali/the-poetry-of-america-unfinished
1181,Q41696660,paul-klee/villa-r-1919
1182,Q3207901,joan-miro/the-bull-fight
1183,Q3618989,amedeo-modigliani/antonia-1915
1184,Q99322583,mykola-pymonenko/a-ford-1901
1185,Q29906355,pablo-picasso/seated-dora-maar-1941
1186,Q25218172,artemisia-gentileschi/sleeping-venus-1630
1187,Q19883690,henri-matisse/the-blue-window-1911
1188,Q120006904,lavinia-fontana/minerva-dressing-1613
1189,Q3685113,albrecht-durer/lamentation-for-christ-1503
1190,Q124153239,amedeo-modigliani/seated-young-woman-1918
1191,Q17495322,louise-abbema/portrait-of-sarah-bernhardt-1921
1192,Q113677575,henri-rousseau/promeneurs-dans-un-parc-1908
1193,Q30079551,laszlo-moholy-nagy/composition-k-iv-1922
1194,Q3319184,henri-rousseau/self-portrait-from-l-ile-saint-louis-1890
1195,Q3680519,artemisia-gentileschi/cleopatra
1196,Q29654730,lucas-cranach-the-elder/portrait-of-a-young-girl-magdalena-luther
1197,Q1988152,paolo-veronese/venus-and-adonis-1582
1198,Q20782792,halonen-pekka/lynx-hunter
1199,Q41515812,camille-corot/the-roman-campagna-la-cervara
1200,Q60346683,suzanne-valadon/casting-the-net-1914
1201,Q3651370,henri-matisse/the-rumanian-blouse-1940
1202,Q17492685,paul-serusier/a-rain-1893
1203,Q18603183,caspar-david-friedrich/evening-on-the-baltic-sea
1204,Q9498617,berthe-morisot/the-cheval-glass
1205,Q3547037,edward-hopper/early-sunday-morning
1206,Q3630745,artemisia-gentileschi/self-portrait-as-the-allegory-of-painting-1639
1207,Q60152777,rene-magritte/the-double-secret-1927
1208,Q3222585,gustave-courbet/the-desperate-man-self-portrait-1845
1209,Q56887596,henri-matisse/pink-nude-or-seated-nude-1909
1210,Q12842489,henri-rousseau/centennial-of-independence-1892
1211,Q6455814,jean-metzinger/l-oiseau-bleu-the-blue-bird-1913
1212,Q60312849,pablo-picasso/still-life-on-the-piano-cort-1911
1213,Q3762348,artemisia-gentileschi/yael-et-sicera-1620
1214,Q112125116,el-greco/portrait-of-pope-pius-v
1215,Q124327373,henri-matisse/reading-girl-1922
1216,Q20190582,amedeo-modigliani/seated-nude-with-a-shirt-1917
1217,Q61655066,salvador-dali/the-spectral-cow-1928
1218,Q17001535,gustav-klimt/death-and-life-1916-1
1219,Q19905247,gustave-courbet/the-calm-sea-1869
1220,Q211293,salvador-dali/portrait-of-luis-bunuel-1900-83-1924
1221,Q60061788,raoul-dufy/street-decked-with-flags-1906
1222,Q121140345,henri-matisse/striped-jacket-1914
1223,Q20100473,jacob-jordaens/the-bean-king-the-king-drinks-1638
1224,Q28444291,georgia-o-keeffe/above-the-clouds-i
1225,Q110384990,telemaco-signorini/not-being-able-to-wait-or-the-letter-1867
1226,Q22675575,camille-pissarro/the-pont-neuf-snow-1902
1227,Q111966920,philip-de-laszlo/in-the-hofbr-uhaus-in-munich-1892
1228,Q198622,salvador-dali/portrait-of-my-father-1
1229,Q3974609,paul-cezanne/turning-road-at-montgeroult-1899
1230,Q54144821,paul-signac/the-port-of-la-rochelle-1915
1231,Q21994871,henri-matisse/woman-with-violin-1923
1232,Q536395,jean-leon-gerome/slave-market-in-rome
1233,Q2508181,salvador-dali/living-still-life
1234,Q29016921,artemisia-gentileschi/lot-and-his-daughters-1638
1235,Q1103170,paolo-veronese/lucretia
1236,Q29654733,lucas-cranach-the-elder/portrait-of-johann-friedrich-elector-of-saxony-1531
1237,Q3929318,amedeo-modigliani/a-girl-in-yellow-dress-1917
1238,Q21849420,henri-rousseau/old-man-junier-s-trap-1908
1239,Q23926250,berthe-morisot/the-little-girl-from-nice-celestine
1240,Q19912819,gustav-klimt/poppy-field
1241,Q17492877,carolus-duran/the-convalescent-1860
1242,Q122389396,pierre-narcisse-guerin/the-death-of-priam
1243,Q24952661,lucian-freud/queen-elizabeth-ii-2001
1244,Q61946291,salvador-dali/atavism-at-twilight
1245,Q93731066,paul-serusier/portrait-of-marie-lagadu-1889
1246,Q27656731,salvador-dali/cubist-self-portrait
1247,Q75385195,alexej-von-jawlensky/portrait-of-alexander-sakharoff-1909
1248,Q111307784,lavinia-fontana/noli-me-tangere-1581
1249,Q2067674,salvador-dali/the-ghost-of-vermeer-van-delft-which-can-be-used-as-a-table
1250,Q20192515,henri-matisse/pianist-and-checker-players-1924
1251,Q153517,salvador-dali/the-basket-of-bread
1252,Q60581135,marc-chagall/to-russia-with-asses-and-others
1253,Q64791017,lovis-corinth/the-walchensee-in-winter-1923
1254,Q3879277,amedeo-modigliani/standing-nude-elvira-1918
1255,Q5805129,simon-vouet/diana-1637
1256,Q29644572,jacob-jordaens/the-rest-of-diana
1257,Q20190586,amedeo-modigliani/portrait-of-juan-gris-1915
1258,Q3204597,joan-miro/the-gold-of-the-azure
1259,Q115215908,max-ernst/at-the-first-clear-word-1923
1260,Q18689412,vasily-perov/portrait-of-the-author-feodor-dostoyevsky-1872
1261,Q18705498,wassily-kandinsky/bild-mit-rotem-fleck-1914
1262,Q63167416,toyen/poselstvi-lesa-the-message-of-the-forest-1936
1263,Q125374890,henri-matisse/pastoral-1905
1264,Q3226403,pierre-narcisse-guerin/the-return-of-marcus-sextus-1799
1265,Q122432375,philip-de-laszlo/portrait-of-a-lady-1920
1266,Q60453528,fernand-leger/the-circus-1918
1267,Q28128505,amedeo-modigliani/portrait-of-beatrice-hastings-1916-1
1268,Q5849859,francis-bacon/study-for-self-portrait-1985
1269,Q60519612,georges-braque/still-life-with-a-violin-1911
1270,Q27485391,halonen-pekka/mowers-men-1891
1271,Q3842237,amedeo-modigliani/madame-dorival-1916
1272,Q532486,artemisia-gentileschi/judith-and-her-maidservant-1613
1273,Q20191630,lyonel-feininger/cyclists-1912
1274,Q3947309,albrecht-durer/penitent-jerome-1497
1275,Q3649296,paolo-uccello/the-hunt-in-the-forest
1276,Q17493736,paul-serusier/washerwomen-at-the-laita-river-near-pouldu-1892
1277,Q60596957,juan-gris/the-guitar-1913
1278,Q27968600,henri-matisse/portrait-of-mme-matisse-1913
1279,Q3937496,amedeo-modigliani/portrait-of-chaim-soutine-1917
1280,Q21994873,henri-matisse/three-sisters-1917
1281,Q67089153,henri-matisse/the-red-blouse-1936
1282,Q28042031,henri-matisse/olga-merson-1910
1283,Q18578012,gustave-courbet/the-wrestlers-1853
1284,Q12900371,gustave-courbet/the-huntsman-s-picnic-1858
1285,Q131611760,ferdinand-hodler/thun-stockhornkette-1910-1
1286,Q111189008,frederick-carl-frieseke/the-garden-parasol-c1910-195x145
1287,Q14940739,georges-de-la-tour/st-sebastian-tended-by-st-irene
1288,Q115618502,amedeo-modigliani/reclining-nude
1289,Q1523789,arnold-bocklin/self-portrait-with-death-as-a-fiddler-1872
1290,Q60840776,titian/crucifixion
1291,Q52153732,autorretrato-corredor-de-vasari-1668
1292,Q60488927,henri-matisse/gypsy
1293,Q20190126,paul-serusier/the-farm-at-pouldu-1890
1294,Q2022606,rene-magritte/not-to-be-reproduced-1937
1295,Q1549584,otto-dix/metropolis
1296,Q134290594,lavinia-fontana/consecration-to-the-virgin
1297,Q3230453,rene-magritte/the-lovers-1928
1298,Q22662271,gustave-courbet/the-sleeping-embroiderer-1853
1299,Q125334290,andre-derain/the-port-of-collioure-1905-1
1300,Q60144250,henri-matisse/interior-with-a-bowl-with-red-fish-1914
1301,Q4164441,arthur-hughes/the-long-engagement-1859
1302,Q8774031,georges-de-la-tour/the-newborn
1303,Q23499671,pierre-narcisse-guerin/aurora-and-cephalus
1304,Q54902221,august-macke/woman-in-a-green-jacket-1913
1305,Q6034540,francisco-de-zurbaran/st-apollonia-1636
1306,Q124975567,amedeo-modigliani/little-girl-in-black-apron-1918
1307,Q21512806,jean-michel-basquiat/untitled-gem-spa-1982
1308,Q115618661,henri-matisse/le-tabac-royal-1943
1309,Q18676731,gustave-courbet/the-fox-in-the-snow-1860
1310,Q54901959,august-macke/promenade
1311,Q14856959,ernst-ludwig-kirchner/half-naked-woman-with-a-hat-1911
1312,Q60594530,henri-le-fauconnier/mountaineers-attacked-by-bears-1912
1313,Q52083919,franz-marc/three-cats-1913
1314,Q113444808,giovanni-boldini/portrait-of-cecilia-de-madrazo
1315,Q18602632,caspar-david-friedrich/bohemian-landscape-1
1316,Q18683052,albrecht-durer/portrait-albrecht-d√ºrer-the-elder-1490
1317,Q11692490,jacob-jordaens/the-daughters-of-cecrops-finding-the-child-erichthonius-1617
1318,Q19960946,david-teniers-the-younger/archduke-leopold-wilhelm-of-austria-in-his-gallery-1651
1319,Q1043744,lovis-corinth/carmencita-1924
1320,Q7232301,titian/portrait-of-queen-christina-of-denmark
1321,Q19911495,gustave-courbet/the-village-maidens-1852
1322,Q45585,vincent-van-gogh/the-starry-night-1889
1323,Q3929326,amedeo-modigliani/elvira-with-a-white-collar-1918
1324,Q3937618,louise-elisabeth-vigee-le-brun/queen-marie-antoinette-of-france-1783
1325,Q119080370,ford-madox-brown/pretty-baa-lambs-1852
1326,Q335774,salvador-dali/the-great-paranoiac-1936
1327,Q19900658,thomas-cole/expulsion-from-the-garden-of-eden-1828
1328,Q111287754,giuseppe-de-nittis/female-head-in-profile-with-a-small-hat-1883
1329,Q94636943,henri-rousseau/black-man-attacked-by-a-jaguar-1910
1330,Q21725368,henri-rousseau/tropical-forest-battling-tiger-and-buffalo-1908
1331,Q19272081,rachel-ruysch/flowers-in-a-vase-1698
1332,Q3842594,giovanni-bellini/virgin-and-child-with-st-catherine-and-mary-magdalene
1333,Q137432526,johannes-itten/der-bachs-nger-helge-lindberg-1916
1334,Q7401416,titian/st-jerome-1560
1335,Q121333903,henri-matisse/still-life-with-a-marble-table-1941
1336,Q7767151,thomas-cole/the-subsiding-of-the-waters-of-the-deluge-1829
1337,Q62513692,marc-chagall/the-falling-angel-1947
1338,Q3821631,marc-chagall/the-blue-house-1917
1339,Q21764208,nicolas-tournier/the-descent-from-the-cross
1340,Q9402747,georges-de-la-tour/adoration-of-the-shepherds
1341,Q111799504,otto-mueller/lovers
1342,Q115043237,pompeo-batoni/len-portrait-of-pope-pius-vi-giovanni-angelo-braschi-1775
1343,Q18920644,william-morris/la-belle-iseult-1858
1344,Q125997120,maurice-utrillo/farm-on-l-ile-d-ouessant-finistere
1345,Q61740338,joan-miro/woman-before-the-luna
1346,Q64689806,diego-velazquez/kitchen-scene-with-the-supper-in-emmaus-1618
1347,Q110538020,nasreddine-dinet/at-the-edge-of-the-wadi-1898
1348,Q17609277,frans-hals/boy-with-a-lute
1349,Q28055137,grant-wood/parson-weem-s-fable-1939
1350,Q125162477,carlo-carra/the-red-horseman-1913
1351,Q115675558,simon-vouet/assomption-de-la-vierge
1352,Q60493747,georges-braque/woman-reading-1911
1353,Q17495264,henri-rousseau/portrait-of-a-woman
1354,Q46949261,edward-hopper/sun-on-prospect-street-gloucester-massachusetts-1934
1355,Q110945175,suzanne-valadon/adam-and-eve-1909
1356,Q18709476,wassily-kandinsky/in-blue-1925
1357,Q54901732,august-macke/zoological-garden-i-1912
1358,Q46223210,franz-marc/birds-1914
1359,Q29023829,artemisia-gentileschi/saint-catherine-of-alexandria
1360,Q124249719,amedeo-modigliani/lolotte-head-of-a-woman-in-a-hat
1361,Q3821352,amedeo-modigliani/little-girl-in-blue-1918
1362,Q29016365,artemisia-gentileschi/self-portrait-as-saint-catherine-of-alexandria
1363,Q131823588,tarsila-do-amaral/seamstresses-1950
1364,Q5748612,paul-signac/capo-di-noli-1898
1365,Q3562820,pierre-auguste-renoir/ambroise-vollard-portrait
1366,Q77475889,maurice-utrillo/houses-in-ouessant
1367,Q61968485,giorgio-de-chirico/melancholy-of-a-beautiful-day-1913
1368,Q5227954,grant-wood/daughters-of-revolution-1932
1369,Q28035894,lyonel-feininger/self-portrait-1915
1370,Q19905292,piero-di-cosimo/the-young-saint-john-the-baptist-1480
1371,Q5435846,vincent-van-gogh/farmhouses-among-trees-1883
1372,Q60432996,georges-braque/man-with-a-guitar-1914
1373,Q2628761,albrecht-durer/the-adoration-of-the-magi-1504
1374,Q693746,caspar-david-friedrich/the-monk-by-the-sea-1810
1375,Q3204088,giorgio-de-chirico/the-uncertainty-of-the-poet-1913
1376,Q28797681,egon-schiele/autumn-tree-in-movement-1912
1377,Q29937240,arnulf-rainer/krass-1973
1378,Q39926338,john-collier/lilith-with-a-snake-1886
1379,Q61877628,f-lix-del-marle/the-port-1914
1380,Q3713932,amedeo-modigliani/woman-with-blue-eyes-1918
1381,Q23948730,georges-de-la-tour/st-thomas
1382,Q77475206,andy-warhol/cans
1383,Q3885620,orpheus-and-eurydice
1384,Q118976359,henri-matisse/nude-in-peignoir-1933
1385,Q114080807,josef-capek/self-portrait-1920
1386,Q115146571,otto-mueller/stehende-zigeunerkinder-1927
1387,Q113443581,giovanni-boldini/statue-in-the-park-of-versailles
1388,Q1982400,carlo-carra/the-funeral-of-the-anarchist-galli-1911
1389,Q63254361,edward-hopper/the-circle-theatre
1390,Q17039555,albert-gleizes/woman-with-animals-1914
1391,Q20491656,henri-matisse/nude-with-scarf
1392,Q3227283,salvador-dali/sleep-1937
1393,Q6622215,charles-demuth/i-saw-the-figure-5-in-gold-1928
1394,Q16038706,jacob-jordaens/self-portrait-with-parents-brothers-and-sisters
1395,Q2583260,salvador-dali/crucifixion-corpus-hypercubicus-1954
1396,Q61895942,odilon-redon/pegasus-and-the-hydra
1397,Q115618662,henri-matisse/michaela-1943
1398,Q121141681,henri-matisse/promenade-des-oliviers-1905
1399,Q50328917,johann-friedrich-overbeck/italia-and-germania-1828
1400,Q8352264,paul-gauguin/four-breton-women-1886
1401,Q16038704,jacob-jordaens/portrait-of-a-family-1650
1402,Q21448345,camille-pissarro/dulwich-college-london-1871
1403,Q18565853,bartolomeo-veneto/circoncision-1506
1404,Q3210559,max-ernst/the-robing-of-the-bride-1940
1405,Q29897889,alfred-sisley/the-road-from-hampton-court-1874
1406,Q16665313,pierre-narcisse-guerin/morpheus-and-iris
1407,Q9335245,georges-de-la-tour/appearance-of-angel-to-st-joseph-also-called-the-song-of-st-joseph
1408,Q167082,salvador-dali/autumnal-cannibalism
1409,Q116480766,max-beckmann/triptych-of-the-temptation-of-st-anthony-1937
1410,Q22662280,gustave-courbet/self-portrait-with-striped-collar-1854
1411,Q18709504,wassily-kandinsky/arabs-i-cemetery-1909
1412,Q114053889,alexej-von-jawlensky/still-life-with-begonia-1911
1413,Q130339542,henri-matisse/still-life-with-plaster-torso-1924
1414,Q20800156,halonen-pekka/pioneers-in-karelia-1900
1415,Q17490941,emile-bernard/bretons-1890
1416,Q23940693,henri-rousseau/the-pink-candle-1910
1417,Q92831738,paul-gauguin/where-are-you-going-1892
1418,Q28537564,john-singer-sargent/claude-monet-painting-by-the-edge-of-a-wood-1885
1419,Q64211821,paul-cezanne/the-chateau-de-medan-1880
1420,Q4423965,salvador-dali/the-elephants-large
1421,Q119013661,thomas-gainsborough/self-portrait-1787
1422,Q124359757,alice-rahon/le-ble-corn-festival-1954
1423,Q19689567,salvador-dali/the-madonna-of-port-lligat
1424,Q123507377,paul-serusier/solitude-huelgoat-landscape
1425,Q19882453,georges-braque/violin-and-palette-1909
1426,Q18705525,wassily-kandinsky/gelb-rot-blau-1925
1427,Q3791123,henri-matisse/goldfish-1911
1428,Q19883591,georges-braque/man-with-a-guitar-1911
1429,Q2413468,francisco-goya/the-colossus-1812
1430,Q334360,caspar-david-friedrich/the-abbey-in-the-oakwood
1431,Q60472163,henri-matisse/interior-with-etruscan-vase-1940
1432,Q25729,salvador-dali/the-persistence-of-memory-1931
1433,Q2872719,max-beckmann/self-portrait-with-red-scarf-1917
1434,Q59855027,roy-lichtenstein/magnifying-glass-1963
1435,Q20355492,henri-matisse/interior-with-a-violin
1436,Q4006194,amedeo-modigliani/sitting-man-on-orange-background-1918
1437,Q61467015,georges-braque/violin-and-clarinet-on-a-table-1912
1438,Q29021527,artemisia-gentileschi/samson-and-delilah-1638
1439,Q1219398,tamara-de-lempicka/la-belle-rafaela-1927
1440,Q3210259,salvador-dali/the-sistine-madonna
1441,Q23904,giotto/st-francis-receiving-the-stigmata
1442,Q611609,salvador-dali/siphon-and-small-bottle-of-rum
1443,Q61564828,joan-miro/the-vegetable-garden-with-donkey
1444,Q30079235,lyonel-feininger/market-church-in-halle-1930
1445,Q121689728,raphael/cupid-and-the-three-graces-1517
1446,Q51829816,grant-wood/arnold-comes-of-age-1930
1447,Q9372007,jupiter-and-anthiope-pardo-venus-1542
1448,Q15845534,gustave-dore/andromede-1869
1449,Q62567010,marc-chagall/clock-with-blue-wing-1949
1450,Q30079953,ernst-ludwig-kirchner/seated-lady-dodo
1451,Q120499102,henri-matisse/interior-in-venetian-red-1946
1452,Q17493962,giovanni-boldini/madame-charles-max-1896
1453,Q114046497,gustav-klimt/water-nymphs-silverfish
1454,Q930137,giorgione/the-tempest-1505-1
1455,Q27062152,ernst-ludwig-kirchner/the-rhine-bridge
1456,Q64791507,carl-spitzweg/the-widower
1457,Q5899057,edward-burne-jones/hope
1458,Q430293,piero-della-francesca/the-resurrection-
1459,Q23017689,simon-vouet/self-portrait-1627
1460,Q61570137,joan-miro/standing-nude
1461,Q23305501,giovanni-battista-salvi-da-sassoferrato/self-portrait-1650
1462,Q732011,sir-lawrence-alma-tadema/spring-1894
1463,Q121141811,henri-matisse/blue-eyes-1934
1464,Q18689510,william-holman-hunt/our-english-coasts
1465,Q60621565,rene-magritte/blue-cinema-1925
1466,Q10342699,salvador-dali/eggs-on-plate-without-the-flat
1467,Q16987108,giorgio-de-chirico/the-child-s-brain-1917
1468,Q137828983,john-singer-sargent/claude-monet-painting-by-the-edge-of-a-wood-1885
1469,Q62513160,marc-chagall/adam-and-eve-1912
1470,Q3818959,amedeo-modigliani/fat-child-1915
1471,Q60438541,georges-braque/the-weeding-machine-1961
1472,Q30073712,giorgio-de-chirico/the-disquieting-muses-1918-1
1473,Q131694573,kazimir-malevich/winter-landscape
1474,Q19326698,judith-leyster/a-game-of-tric-trac
1475,Q131830085,tarsila-do-amaral/calmaria-ii-1929
1476,Q50111492,carl-spitzweg/englishman-in-the-campagna
1477,Q62513547,marc-chagall/self-portrait-with-a-clock-in-front-of-crucifixion-1947
1478,Q21995981,henri-matisse/woman-with-mandolin-1922
1479,Q3697611,fra-angelico/the-mocking-of-christ-1441
1480,Q921429,henri-matisse/harmony-in-red-1908
1481,Q3919647,sir-lawrence-alma-tadema/pompeian-scene-or-the-siesta-1868
1482,Q3937416,titian/giorgio-cornaro-with-a-falcon-1537
1483,Q4013851,pablo-picasso/violin-glass-pipe-and-inkwell-1912
1484,Q27897191,paul-serusier/seaweed-gatherer-1890
1485,Q3937642,amedeo-modigliani/portrait-de-paul-alexanders-1913
1486,Q56284912,georgios-jakobides/first-steps-1892
1487,Q17491812,jean-leon-gerome/young-greeks-attending-a-cock-fight-1846
1488,Q121326907,henri-matisse/odalisque-with-a-tambourine-1926
1489,Q8561671,honore-daumier/don-quixote-and-sancho-pansa-1870
1490,Q2842419,pierre-bonnard/ambroise-vollard
1491,Q20274909,giorgio-de-chirico/the-conquest-of-the-philosopher-1914
1492,Q23199068,gustave-courbet/the-happy-lovers-1844
1493,Q50323372,david-park/two-bathers-1958
1494,Q61577425,joan-miro/hope-of-a-condemned-man-i-1974
1495,Q3937643,titian/pope-paul-iii-1546
1496,Q87367872,henri-de-toulouse-lautrec/jane-avril-leaving-the-moulin-rouge-1893
1497,Q1162671,georges-braque/houses-at-estaque-1908
1498,Q8030760,gustave-courbet/woman-with-a-parrot-1866
1499,Q2914912,gustave-courbet/the-stone-breakers-1849
1500,Q113637987,gustav-klimt/farmhouse-with-birch-trees-1903
1501,Q22337855,henri-matisse/odalisque-in-blue-or-white-slave
1502,Q74576574,william-merritt-chase/portrait-of-louis-betts
1503,Q3937645,amedeo-modigliani/paul-guillaume-1915
1504,Q113559642,maria-primachenko/a-dove-has-spread-her-wings-and-asks-for-peace-1982
1505,Q93162266,paul-gauguin/houses-in-le-pouldu-1890
1506,Q4952174,henri-rousseau/boy-on-the-rocks-1895
1507,Q1923320,marie-guillemine-benoist/portrait-d-une-n-gresse-1800
1508,Q4795850,james-mcneill-whistler/arrangement-in-grey-and-black-no-2-portrait-of-thomas-carlyle-1873
1509,Q41702235,georges-braque/violin-and-pitcher-1910
1510,Q7729586,akseli-gallen-kallela/the-defense-of-the-sampo-1896
1511,Q20191695,francis-picabia/the-procession-seville-1912
1512,Q69658139,sebastiano-del-piombo/pope-clement-vii-1526
1513,Q28973216,luigi-russolo/music-1912
1514,Q107452532,henri-matisse/blue-sketchbook-1945
1515,Q106864417,lyonel-feininger/bathers-on-the-beach-i-1912-1912
1516,Q11825001,jacob-jordaens/the-rape-of-europa-1643
1517,Q121033023,henri-matisse/the-reader-marguerite-matisse-1906
1518,Q3225805,berthe-morisot/the-harbor-at-lorient
1519,Q5912498,salvador-dali/the-enigma-of-hitler
1520,Q20177361,artemisia-gentileschi/bernardo-cavallino-the-triumph-of-galatea
1521,Q131450011,tarsila-do-amaral/the-egg-1928
1522,Q61944383,salvador-dali/the-invisible-harp-fine-and-medium-harpe-invisible-fine-et-moyenne
1523,Q28126439,paul-cezanne/leda-and-the-swan
1524,Q1219263,henri-rousseau/the-sleeping-gypsy-1897
1525,Q30079741,franz-marc/tyrol-1914
1526,Q60464865,pablo-picasso/bread-and-dish-with-fruits-on-the-table
1527,Q115633284,ernst-ludwig-kirchner/self-portrait-with-a-model
1528,Q19884203,joan-miro/swallow-love
1529,Q124360253,lyonel-feininger/stiller-tag-am-meer-iii-1929
1530,Q28130695,henri-rousseau/landscape-with-monkeys
1531,Q7232244,pablo-picasso/portrait-of-daniel-henry-kahnweiler-1910
1532,Q133867881,ferdinand-hodler/lake-thun-symmetric-reflection-1905
1533,Q60144024,francis-picabia/udnie-young-american-girl-1913
1534,Q97061149,titian/giulia-gonzaga
1535,Q61387941,georges-braque/little-bay-at-la-ciotat-1907
1536,Q60400526,georges-braque/the-musician-1918
1537,Q20795675,halonen-pekka/the-kantele-player-1892
1538,Q66317800,jacob-jordaens/satyr-and-peasant-1621
1539,Q20031611,henri-rousseau/portrait-of-josephine-the-artist-s-second-wife-1903
1540,Q3978274,artemisia-gentileschi/susanna-and-the-elders-1610
1541,Q2990636,fernand-leger/composition-with-the-three-figures-1932
1542,Q2464824,salvador-dali/the-metamorphosis-of-narcissus
1543,Q107112142,gustave-courbet/the-clairvoyant
1544,Q11849718,akseli-gallen-kallela/ad-astra-1907
1545,Q21693177,georges-de-la-tour/the-hurdy-gurdy-player-with-a-dog
1546,Q60675923,leopold-survage/l-oiseau-1915
1547,Q18937395,thomas-gainsborough/conversation-in-a-park-1745
1548,Q88300044,max-beckmann/perseus-1941
1549,Q123821029,claude-monet/weeping-willow-and-water-lily-pond-2-1919
1550,Q3201572,pablo-picasso/the-aficionado-the-torero-1912
1551,Q18384815,gustave-courbet/the-bathers-1853
1552,Q3937609,amedeo-modigliani/leopold-zborowski-1918
1553,Q61577434,joan-miro/hope-of-a-condemned-man-ii-1974
1554,Q122676973,amedeo-modigliani/portrait-of-moise-kisling-1916
1555,Q18686031,hugo-van-der-goes/portinari-triptych-1478
1556,Q59786127,amedeo-modigliani/a-woman-with-white-collar-1916
1557,Q60181894,pierre-bonnard/the-workshop-with-mimosa-1935
1558,Q7928777,henri-matisse/view-of-notre-dame-1914
1559,Q124606401,amedeo-modigliani/reclining-nude-1917-2
1560,Q119143329,james-archer/john-william-ramsay-13th-earl-of-dalhousie-1889
1561,Q110532626,august-macke/vegetable-fields
1562,Q7341113,henri-matisse/purple-robe-and-anemones-1937
1563,Q27960839,oskar-kokoschka/self-portrait-of-a-degenerate-artist-1937
1564,Q3731228,antonio-del-pollaiolo/hercules-and-deianira-1480
1565,Q123518453,george-spencer-watson-1869-1934/portrait-of-hilda-spencer-watson-0
1566,Q107053326,louise-elisabeth-vigee-le-brun/marie-antoinette-in-a-muslin-dress-1783
1567,Q17491017,gustave-courbet/poachers-in-the-snow-1867
1568,Q102257666,piet-mondrian/tableau-i-1921
1569,Q109675779,tarsila-do-amaral/o-touro
1570,Q28563839,georges-braque/bottle-and-fishes-1910
1571,Q124043063,titian/portrait-of-ippolito-riminaldi
1572,Q19883939,joan-miro/person-throwing-a-stone-at-a-bird
1573,Q20808829,jacques-louis-david/pope-pius-vii-with-the-cardinal-caprara-1805
1574,Q115541214,egon-schiele/krumau-1911
1575,Q73190361,henri-matisse/apples-on-a-table-green-background-1916
1576,Q111821648,carl-spitzweg/ash-wednesday-1860
1577,Q26220084,vincent-van-gogh/man-stooping-with-stick-or-spade-1882
1578,Q60313515,georges-braque/portuguese-1911
1579,Q20188935,amedeo-modigliani/reclining-nude-from-the-back-1917
1580,Q104862554,jean-michel-basquiat/ironew-york-of-the-negro-policeman
1581,Q19883480,henri-matisse/woman-beside-the-water-1905
1582,Q77980588,titian/ecce-homo-1560
1583,Q6485079,henri-matisse/landscape-at-collioure-1905
1584,Q7300609,pablo-picasso/reading-the-letter-1921
1585,Q124611932,amedeo-modigliani/head-of-a-young-woman-1908-1
1586,Q60515901,georges-de-la-tour/the-tears-of-st-peter-also-called-repenting-of-st-peter-1645
1587,Q20540009,gustave-courbet/the-quarry-1857
1588,Q6009533,jacob-jordaens/meleager-and-atalanta-1618
1589,Q4289293,giorgio-de-chirico/mystery-and-melancholy-of-a-street-1914
1590,Q131448663,tarsila-do-amaral/self-portrait-1
1591,Q62570640,mark-shagal/nad-gorodom-1918
1592,Q116549334,otto-dix/to-beauty
1593,Q119802483,george-romney/henry-woodcock-1795-1829
1594,Q18602605,caspar-david-friedrich/northern-sea-in-the-moonlight
1595,Q17281208,caspar-david-friedrich/not-detected-1
1596,Q3665754,amedeo-modigliani/chakoska-1917
1597,Q60375830,henri-le-fauconnier/abundance-1910
1598,Q20031614,henri-rousseau/self-portrait-1900
1599,Q123512771,ernst-ludwig-kirchner/japanese-parasol
1600,Q114246827,otto-dix/three-wenches
1601,Q28021144,philip-de-laszlo/princess-beatrice-1926
1602,Q129167673,ernst-ludwig-kirchner/friedrichstrasse-berlin
1603,Q111212116,lavinia-fontana/isabella-ruini-as-venus-1592
1604,Q18891158,edvard-munch/the-scream-1910
1605,Q19925210,william-adolphe-bouguereau/study-of-a-woman-for-offering-to-love
1606,Q7232270,giacomo-doria-1535
1607,Q2448065,albrecht-durer/christ-among-the-doctors-1506
1608,Q3202027,salvador-dali/the-architectonic-angelus-of-millet
1609,Q882587,henri-matisse/blue-nude-1952
1610,Q387377,edgar-degas/young-spartans-exercising-1860-1
1611,Q121085667,gustave-courbet/chateau-du-chillon-1874
1612,Q110943163,paul-gauguin/aline-gauguin-and-one-of-her-brothers
1613,Q19681607,bernardo-bellotto/the-ruins-of-the-old-kreuzkirche-dresden-1765
1614,Q49865658,henri-matisse/the-plaster-torso-1919
1615,Q104419119,amedeo-modigliani/woman-with-earrings
1616,Q18711064,jean-leon-gerome/after-the-bath
1617,Q131782826,tarsila-do-amaral/antropofagia-1929
1618,Q3232553,sir-lawrence-alma-tadema/the-women-of-amphissa-1887
1619,Q17490822,gustave-courbet/the-bathers-1858
1620,Q21849359,henri-rousseau/the-fishermen-and-the-biplane-1908
1621,Q28037436,franz-xaver-winterhalter/albert-edward-prince-of-wales-1846
1622,Q111632377,louise-elisabeth-vigee-le-brun/self-portrait-in-a-straw-hat-1787
1623,Q743643,georges-de-la-tour/st-joseph-the-carpenter-1640
1624,Q17494438,paul-cezanne/still-life-with-open-drawer-1879
1625,Q7752737,henri-matisse/he-music-lesson-1917
1626,Q17491391,james-tissot/the-ball
1627,Q2964919,nicolas-tournier/christ-carrying-the-cross-1632
1628,Q24021018,fernand-leger/nudes-in-the-forest-1910
1629,Q61652622,andre-derain/the-port-of-collioure-1905
1630,Q19883604,marc-chagall/golgotha-1912
1631,Q782079,joan-miro/harlequin-s-carnival-1925
1632,Q117196877,philip-de-laszlo/the-duchess-of-york-1925
1633,Q3937469,amedeo-modigliani/portrait-of-beatrice-hastings-1915
1634,Q2049345,henri-matisse/game-of-bowls-1908
1635,Q62513852,marc-chagall/self-portrait-with-easel-1914
1636,Q3642171,gustave-courbet/the-meeting-bonjour-monsieur-courbet-1854
1637,Q13365716,august-macke/portrait-with-apples-portrait-of-the-artist-s-wife
1638,Q24249,titian/madonna-and-child-with-st-catherine-and-a-rabbit-1530
1639,Q29917697,erich-heckel/glaserner-tag-1913
1640,Q3715971,pablo-picasso/two-women-running-on-the-beach-the-race-1922
1641,Q17491778,berthe-morisot/young-girl-in-a-ball-gown-1879
1642,Q60596939,juan-gris/still-life-on-plaque-1917
1643,Q107445209,georges-de-la-tour/the-porridge-eaters
1644,Q3224275,jean-leon-gerome/le-marche-aux-esclaves-1866
1645,Q7751053,edward-burne-jones/the-merciful-knight-1863
1646,Q20088074,amedeo-modigliani/nude-on-a-blue-cushion
1647,Q27966442,thomas-lawrence/george-iv-1820-1
1648,Q115662781,agnolo-bronzino/pope-leo-x
1649,Q3697598,pieter-aertsen/still-life-1552
1650,Q3818801,rene-magritte/the-menaced-assassin-1927
1651,Q18346893,halonen-pekka/the-short-cut-1892
1652,Q20069327,titian/portrait-of-the-great-elector-john-frederick-of-saxony
1653,Q17491954,gustave-courbet/the-cliffs-at-etretat-after-the-storm-1870
1654,Q9138435,guercino/abraham-casting-out-hagar-and-ishmael-1657
1655,Q121267489,henri-matisse/basket-with-oranges-1913
1656,Q611358,salvador-dali/apparatus-and-hand-1927
1657,Q113951917,gustav-klimt/farmhouses-with-birch-trees
1658,Q27656778,salvador-dali/the-endless-enigma
1659,Q124611931,amedeo-modigliani/viking-eggeling-1916
1660,Q60538814,raoul-dufy/the-empavesado-yacht-1905
1661,Q17492459,jules-joseph-lefebvre/the-truth-1870
1662,Q1713754,antoine-watteau/not_detected_229434-1715
1663,Q19925404,salvador-dali/spain-1938
1664,Q61560762,joan-miro/blue-i-1961
1665,Q94178496,henri-rousseau/eve-1907
1666,Q115742907,nasreddine-dinet/the-swing
1667,Q61387866,raoul-dufy/posters-at-trouville-1906
1668,Q62066852,grant-wood/fall-plowing-1931
1669,Q27954346,berthe-morisot/the-hairdresser
1670,Q118874793,hans-holbein-the-younger/henry-viii-and-the-barber-surgeons
1671,Q133839,salvador-dali/flaming-giraffe
1672,Q1410866,antonio-del-pollaiolo/the-martirydom-of-saint-sebastian-1475
1673,Q25569472,simon-vouet/judith-with-the-head-of-holophernes-1625
1674,Q18749425,anton-raphael-mengs/portrait-of-pope-clement-xiii
1675,Q60314734,marcel-duchamp/the-chess-players-1911
1676,Q3212522,claude-monet/the-rue-montorgueil-paris
1677,Q55359455,henryk-siemiradzki/dance-amongst-daggers
1678,Q121278463,henri-matisse/still-life-histoires-juives-1924
1679,Q121149055,henri-matisse/moorish-screen-1921
1680,Q18683084,allan-ramsay/portrait-of-david-hume
1681,Q61578184,joan-miro/character
1682,Q119259436,henri-matisse/striped-robe-fruit-and-anemones-1940
1683,Q60493340,pablo-picasso/houses-on-the-hill-1909
1684,Q6901173,dante-gabriel-rossetti/monna-rosa-1867
1685,Q16038674,caspar-david-friedrich/bohemian-landscape-with-mount-milleschauer-1808
1686,Q2872713,joan-miro/self-portrait-1
1687,Q119188809,william-logsdail/the-children-of-james-todd-1920
1688,Q4132252,salvador-dali/galarina-1945
1689,Q3937737,artemisia-gentileschi/portrait-of-a-condottiero-1622
1690,Q121259372,henri-matisse/my-room-at-the-beau-rivage-1918
1691,Q1245354,edouard-manet/a-bar-at-the-folies-bergere-1882-1
1692,Q4024484,amedeo-modigliani/gypsy-woman-with-a-baby-1919
1693,Q172558,salvador-dali/cygnes-refletant-des-elephants
1694,Q783051,pierre-auguste-renoir/ambroise-vollard-1908
1695,Q114405769,henri-matisse/girl-seated-1909
1696,Q19883652,ernst-ludwig-kirchner/street-berlin
1697,Q18602553,caspar-david-friedrich/landscape-with-the-rosenberg-in-the-bohemian-mountains
1698,Q68118622,amedeo-modigliani/leon-indenbaum-1915
1699,Q52086894,franz-marc/monkey-frieze-1911
1700,Q3797599,piero-di-cosimo/the-forest-fire-1505
1701,Q62567128,marc-chagall/the-dream-the-rabbit-1927
1702,Q153552,salvador-dali/figure-at-a-window
1703,Q1123277,amedeo-modigliani/girl-in-the-shirt-red-haired-girl-1918
1704,Q334138,gustave-courbet/the-origin-of-the-world-1866
1705,Q17493861,pierre-bonnard/man-and-woman-1900
1706,Q20891268,georges-braque/viaduct-at-estaque
1707,Q16990982,henri-matisse/moorish-woman-with-upheld-arms-1923
1708,Q61911785,jean-michel-basquiat/notary
1709,Q101291188,james-tissot/orphan
1710,Q64516534,edward-ruscha/large-trademark-with-eight-spotlights-1962
1711,Q28028392,franz-xaver-winterhalter/the-royal-family-in-1846-1846
1712,Q129167412,max-ernst/saint-cecilia-invisible-piano-1923
1713,Q1227359,piero-della-francesca/portraits-federico-da-montefeltro-and-battista-sforza-1465
